iter,train_loss,val_loss,lr,tok_per_s,vram_gb,tokens_b
0,10.642,9.907,0.0002,43180,62.72,0.0
20,7.722,7.769,0.00059,58491,66.73,0.001
40,7.651,7.636,0.000554,61657,66.73,0.002
60,7.212,7.226,0.000496,62815,66.73,0.003
80,6.893,6.987,0.000421,63415,66.73,0.004
100,6.764,6.815,0.000336,62773,66.73,0.005
120,6.656,6.669,0.000251,63172,66.73,0.006
140,6.528,6.553,0.000174,63460,66.73,0.007
160,6.468,6.521,0.000113,63678,66.73,0.008
180,6.483,6.457,7.36e-05,63286,66.73,0.009
200,6.416,6.422,6e-05,63470,66.73,0.01
0,10.63,10.612,3.93e-07,3770,50.59,0.0
20,8.789,8.694,8.26e-06,35717,54.64,0.003
40,8.368,8.189,1.61e-05,53441,54.64,0.005
60,7.69,7.651,2.4e-05,64418,54.64,0.008
80,7.34,7.259,3.18e-05,71894,54.64,0.011
100,6.938,6.944,3.97e-05,76611,54.64,0.013
120,6.695,6.721,4.76e-05,80759,54.64,0.016
140,6.494,6.521,5.54e-05,84013,54.64,0.018
160,6.276,6.387,6.33e-05,86633,54.64,0.021
180,6.206,6.238,7.12e-05,88251,54.64,0.024
200,6.033,6.069,7.9e-05,90097,54.64,0.026
220,5.861,5.994,8.69e-05,91668,54.64,0.029
240,5.848,5.874,9.48e-05,93020,54.64,0.032
260,5.735,5.759,0.000103,93617,54.64,0.034
280,5.705,5.651,0.00011,94682,54.64,0.037
300,5.605,5.618,0.000118,95628,54.64,0.039
320,5.487,5.551,0.000126,96464,54.64,0.042
340,5.537,5.446,0.000134,96865,54.64,0.045
360,5.389,5.352,0.000142,97563,54.64,0.047
380,5.239,5.318,0.00015,98125,54.64,0.05
400,5.289,5.234,0.000158,98703,54.64,0.053
420,5.126,5.142,0.000166,98937,54.64,0.055
440,4.946,5.11,0.000173,99436,54.64,0.058
460,5.036,5.016,0.000181,97770,54.64,0.06
480,5.115,5.01,0.000189,98269,54.64,0.063
500,4.915,4.98,0.000197,98478,54.64,0.066
520,4.869,4.915,0.000205,95096,54.64,0.068
540,4.864,4.844,0.000213,95610,54.64,0.071
560,4.69,4.785,0.000221,96088,54.64,0.074
580,4.731,4.81,0.000228,96315,54.64,0.076
600,4.782,4.761,0.000236,96744,54.64,0.079
620,4.562,4.736,0.000244,97150,54.64,0.081
640,4.497,4.671,0.000252,97535,54.64,0.084
660,4.648,4.608,0.00026,97717,54.64,0.087
680,4.518,4.594,0.000268,98066,54.64,0.089
700,4.476,4.554,0.000276,98398,54.64,0.092
720,4.472,4.452,0.000283,98709,54.64,0.095
740,4.395,4.441,0.000291,98837,54.64,0.097
760,4.431,4.41,0.000299,99122,54.64,0.1
780,4.285,4.377,0.000307,99397,54.64,0.102
800,4.469,4.402,0.000315,99660,54.64,0.105
820,4.102,4.308,0.000323,99755,54.64,0.108
840,4.349,4.299,0.000331,99997,54.64,0.11
860,4.298,4.279,0.000339,100225,54.64,0.113
880,4.214,4.206,0.000346,100450,54.64,0.115
900,4.203,4.229,0.000354,100520,54.64,0.118
920,4.204,4.214,0.000362,100620,54.64,0.121
940,4.08,4.233,0.00037,100823,54.64,0.123
960,4.087,4.153,0.000378,101019,54.64,0.126
980,4.067,4.121,0.000386,101073,54.64,0.129
1000,4.382,4.131,0.000394,100224,54.64,0.131
1020,4.081,4.069,0.000401,98464,54.64,0.134
1040,4.133,4.124,0.000409,98684,54.64,0.136
1060,4.078,4.117,0.000417,98772,54.64,0.139
1080,4.116,4.073,0.000425,98974,54.64,0.142
1100,4.03,4.052,0.000433,99154,54.64,0.144
1120,4.046,4.066,0.000441,99346,54.64,0.147
1140,3.963,3.976,0.000449,99419,54.64,0.15
1160,4.183,4.049,0.000456,99600,54.64,0.152
1180,3.959,3.981,0.000464,99775,54.64,0.155
1200,3.952,3.954,0.000472,99943,54.64,0.157
1220,3.954,3.973,0.00048,100002,54.64,0.16
1240,3.955,3.978,0.000488,100164,54.64,0.163
1260,3.894,3.928,0.000496,100322,54.64,0.165
1280,3.933,3.982,0.000504,100456,54.64,0.168
1300,4.085,3.94,0.000512,100506,54.64,0.171
1320,3.948,3.938,0.000519,100649,54.64,0.173
1340,3.886,3.933,0.000527,100790,54.64,0.176
1360,3.84,3.897,0.000535,100927,54.64,0.178
1380,3.918,3.876,0.000543,100967,54.64,0.181
1400,4.006,3.842,0.000551,101098,54.64,0.184
1420,3.748,3.843,0.000559,101225,54.64,0.186
1440,3.934,3.866,0.000567,101261,54.64,0.189
1460,3.787,3.88,0.000574,101294,54.64,0.191
1480,3.848,3.835,0.000582,101416,54.64,0.194
1500,3.821,3.888,0.00059,100849,54.64,0.197
1520,3.859,3.858,0.000598,99698,54.64,0.199
1540,3.851,3.867,0.0006,99750,54.64,0.202
1560,3.882,3.817,0.0006,99881,54.64,0.205
1580,3.695,3.824,0.0006,100008,54.64,0.207
1600,3.886,3.786,0.0006,100133,54.64,0.21
1620,3.772,3.808,0.0006,100173,54.64,0.212
1640,3.897,3.805,0.0006,100293,54.64,0.215
1660,3.719,3.771,0.0006,100411,54.64,0.218
1680,3.766,3.783,0.0006,100526,54.64,0.22
1700,3.711,3.828,0.0006,100545,54.64,0.223
1720,3.665,3.753,0.0006,100654,54.64,0.226
1740,3.777,3.755,0.0006,100762,54.64,0.228
1760,3.628,3.758,0.0006,100868,54.64,0.231
1780,3.699,3.734,0.0006,100900,54.64,0.233
1800,3.919,3.676,0.0006,101002,54.64,0.236
1820,3.581,3.749,0.0006,101102,54.64,0.239
1840,3.668,3.731,0.0006,101201,54.64,0.241
1860,3.766,3.719,0.0006,101226,54.64,0.244
1880,3.671,3.685,0.0006,101321,54.64,0.247
1900,3.766,3.654,0.0006,101415,54.64,0.249
1920,3.724,3.714,0.0006,101507,54.64,0.252
1940,3.731,3.655,0.0006,101514,54.64,0.254
1960,3.734,3.704,0.0006,101603,54.64,0.257
1980,3.661,3.676,0.0006,101690,54.64,0.26
2000,3.635,3.667,0.0006,101243,54.64,0.262
2020,3.625,3.65,0.0006,100233,54.64,0.265
2040,3.651,3.664,0.0006,100330,54.64,0.268
2060,3.696,3.585,0.0006,100425,54.64,0.27
2080,3.748,3.676,0.0006,100517,54.64,0.273
2100,3.699,3.644,0.0006,100551,54.64,0.275
2120,3.668,3.639,0.0006,100642,54.64,0.278
2140,3.687,3.615,0.0006,100730,54.64,0.281
2160,3.661,3.675,0.0006,100817,54.64,0.283
2180,3.577,3.619,0.0006,100849,54.64,0.286
2200,3.612,3.605,0.0006,100934,54.64,0.288
2220,3.556,3.564,0.0006,101017,54.64,0.291
2240,3.516,3.618,0.0006,101099,54.64,0.294
2260,3.537,3.611,0.0006,101127,54.64,0.296
2280,3.505,3.62,0.0006,101207,54.64,0.299
2300,3.567,3.619,0.0006,101285,54.64,0.302
2320,3.489,3.563,0.0006,101362,54.64,0.304
2340,3.64,3.595,0.0006,101386,54.64,0.307
2360,3.527,3.567,0.0006,101461,54.64,0.309
2380,3.466,3.529,0.0006,101535,54.64,0.312
2400,3.527,3.547,0.0006,101608,54.64,0.315
2420,3.53,3.599,0.0006,101630,54.64,0.317
2440,3.649,3.549,0.0006,101700,54.64,0.32
2460,3.499,3.583,0.0006,101770,54.64,0.323
2480,3.626,3.516,0.0006,101838,54.64,0.325
2500,3.511,3.575,0.0006,101438,54.64,0.328
2520,3.553,3.575,0.0006,100665,54.64,0.33
2540,3.466,3.552,0.0006,100741,54.64,0.333
2560,3.597,3.547,0.0006,100814,54.64,0.336
2580,3.542,3.526,0.0006,100840,54.64,0.338
2600,3.511,3.539,0.0006,100912,54.64,0.341
2620,3.378,3.494,0.0006,100983,54.64,0.344
2640,3.411,3.458,0.0006,101052,54.64,0.346
2660,3.474,3.521,0.0006,101077,54.64,0.349
2680,3.553,3.5,0.0006,101145,54.64,0.351
2700,3.595,3.486,0.0006,101211,54.64,0.354
2720,3.614,3.461,0.0006,101277,54.64,0.357
2740,3.389,3.546,0.0006,101300,54.64,0.359
2760,3.316,3.545,0.0006,101364,54.64,0.362
2780,3.29,3.502,0.0006,101420,54.64,0.365
2800,3.528,3.488,0.0006,101482,54.64,0.367
2820,3.516,3.489,0.0006,101502,54.64,0.37
2840,3.354,3.53,0.0006,101564,54.64,0.372
2860,3.524,3.492,0.0006,101625,54.64,0.375
2880,3.589,3.503,0.0006,101685,54.64,0.378
2900,3.449,3.539,0.0006,101703,54.64,0.38
2920,3.299,3.435,0.0006,101763,54.64,0.383
2940,3.569,3.449,0.0006,101821,54.64,0.385
2960,3.453,3.471,0.0006,101878,54.64,0.388
2980,3.511,3.463,0.0006,101894,54.64,0.391
3000,3.517,3.46,0.0006,101593,54.64,0.393
3020,3.563,3.407,0.0006,100977,54.64,0.396
3040,3.514,3.446,0.0006,101038,54.64,0.399
3060,3.492,3.471,0.0006,101060,54.64,0.401
3080,3.439,3.43,0.0006,101119,54.64,0.404
3100,3.237,3.481,0.0006,101178,54.64,0.406
3120,3.381,3.411,0.0006,101236,54.64,0.409
3140,3.534,3.477,0.0006,101255,54.64,0.412
3160,3.399,3.436,0.0006,101313,54.64,0.414
3180,3.482,3.407,0.0006,101369,54.64,0.417
3200,3.364,3.456,0.0006,101424,54.64,0.42
3220,3.386,3.477,0.0006,101442,54.64,0.422
3240,3.456,3.455,0.0006,101497,54.64,0.425
3260,3.389,3.466,0.0006,101551,54.64,0.427
3280,3.397,3.465,0.0006,101604,54.64,0.43
3300,3.437,3.397,0.0006,101620,54.64,0.433
3320,3.424,3.452,0.0006,101672,54.64,0.435
3340,3.436,3.397,0.0006,101724,54.64,0.438
3360,3.429,3.445,0.0006,101775,54.64,0.441
3380,3.391,3.462,0.0006,101789,54.64,0.443
3400,3.494,3.414,0.0006,101839,54.64,0.446
3420,3.395,3.427,0.0006,101889,54.64,0.448
3440,3.275,3.405,0.0006,101937,54.64,0.451
3460,3.381,3.357,0.0006,101951,54.64,0.454
3480,3.413,3.426,0.0006,101999,54.64,0.456
3500,3.403,3.369,0.0006,101740,54.64,0.459
3520,3.342,3.439,0.0006,101196,54.64,0.462
3540,3.395,3.345,0.0006,101214,54.64,0.464
3560,3.35,3.389,0.0006,101265,54.64,0.467
3580,3.343,3.396,0.0006,101315,54.64,0.469
3600,3.437,3.416,0.0006,101365,54.64,0.472
3620,3.41,3.423,0.0006,101377,54.64,0.475
3640,3.334,3.419,0.0006,101426,54.64,0.477
3660,3.341,3.399,0.0006,101474,54.64,0.48
3680,3.373,3.341,0.0006,101521,54.64,0.482
3700,3.319,3.371,0.0006,101536,54.64,0.485
3720,3.494,3.41,0.0006,101583,54.64,0.488
3740,3.403,3.389,0.0006,101629,54.64,0.49
3760,3.338,3.391,0.0006,101676,54.64,0.493
3780,3.393,3.332,0.0006,101689,54.64,0.496
3800,3.353,3.355,0.0006,101735,54.64,0.498
3820,3.485,3.343,0.0006,101780,54.64,0.501
3840,3.529,3.404,0.0006,101824,54.64,0.503
3860,3.345,3.327,0.0006,101837,54.64,0.506
3880,3.334,3.407,0.0006,101881,54.64,0.509
3900,3.309,3.393,0.0006,101924,54.64,0.511
3920,3.325,3.38,0.0006,101967,54.64,0.514
3940,3.4,3.394,0.0006,101979,54.64,0.517
3960,3.205,3.357,0.0006,102021,54.64,0.519
3980,3.365,3.346,0.0006,102063,54.64,0.522
4000,3.418,3.354,0.0006,101840,54.64,0.524
4020,3.344,3.359,0.0006,101363,54.64,0.527
4040,3.347,3.292,0.0006,101408,54.64,0.53
4060,3.38,3.297,0.0006,101452,54.64,0.532
4080,3.247,3.346,0.0006,101495,54.64,0.535
4100,3.221,3.349,0.0006,101509,54.64,0.538
4120,3.393,3.339,0.0006,101552,54.64,0.54
4140,3.352,3.37,0.0006,101594,54.64,0.543
4160,3.25,3.367,0.0006,101636,54.64,0.545
4180,3.399,3.332,0.0006,101649,54.64,0.548
4200,3.465,3.329,0.0006,101690,54.64,0.551
4220,3.351,3.312,0.0006,101731,54.64,0.553
4240,3.301,3.372,0.0006,101772,54.64,0.556
4260,3.369,3.335,0.0006,101784,54.64,0.558
4280,3.399,3.331,0.0006,101824,54.64,0.561
4300,3.228,3.321,0.0006,101863,54.64,0.564
4320,3.229,3.296,0.0006,101903,54.64,0.566
4340,3.309,3.316,0.0006,101914,54.64,0.569
4360,3.306,3.327,0.0006,101953,54.64,0.572
4380,3.316,3.317,0.0006,101991,54.64,0.574
4400,3.318,3.312,0.0006,102026,54.64,0.577
4420,3.244,3.358,0.0006,102036,54.64,0.579
4440,3.298,3.303,0.0006,102073,54.64,0.582
4460,3.283,3.308,0.000599,102106,54.64,0.585
4480,3.308,3.313,0.000599,102143,54.64,0.587
4500,3.303,3.336,0.000599,101927,54.64,0.59
4520,3.586,3.318,0.000599,101514,54.64,0.593
4540,3.394,3.283,0.000599,101554,54.64,0.595
4560,3.315,3.319,0.000599,101592,54.64,0.598
4580,3.422,3.342,0.000599,101604,54.64,0.6
4600,3.305,3.321,0.000599,101642,54.64,0.603
4620,3.404,3.298,0.000599,101680,54.64,0.606
4640,3.327,3.301,0.000599,101717,54.64,0.608
4660,3.417,3.312,0.000599,101728,54.64,0.611
4680,3.327,3.335,0.000599,101765,54.64,0.614
4700,3.177,3.273,0.000599,101801,54.64,0.616
4720,3.323,3.292,0.000599,101837,54.64,0.619
4740,3.231,3.31,0.000599,101847,54.64,0.621
4760,3.282,3.319,0.000599,101883,54.64,0.624
4780,3.314,3.296,0.000599,101918,54.64,0.627
4800,3.31,3.33,0.000599,101953,54.64,0.629
4820,3.321,3.298,0.000599,101964,54.64,0.632
4840,3.312,3.311,0.000599,101999,54.64,0.635
4860,3.308,3.269,0.000599,102033,54.64,0.637
4880,3.228,3.22,0.000599,102067,54.64,0.64
4900,3.29,3.319,0.000599,102076,54.64,0.642
4920,3.332,3.302,0.000599,102110,54.64,0.645
4940,3.292,3.306,0.000599,102143,54.64,0.648
4960,3.247,3.313,0.000599,102176,54.64,0.65
4980,3.308,3.255,0.000599,102185,54.64,0.653
5000,3.224,3.309,0.000599,102005,54.64,0.655
5020,3.242,3.294,0.000599,101623,54.64,0.658
5040,3.444,3.255,0.000599,101659,54.64,0.661
5060,3.372,3.286,0.000599,101670,54.64,0.663
5080,3.093,3.261,0.000599,101704,54.64,0.666
5100,3.309,3.236,0.000599,101739,54.64,0.669
5120,3.28,3.249,0.000599,101773,54.64,0.671
5140,3.32,3.26,0.000599,101782,54.64,0.674
5160,3.264,3.259,0.000599,101816,54.64,0.676
5180,3.39,3.278,0.000599,101849,54.64,0.679
5200,3.328,3.252,0.000599,101882,54.64,0.682
5220,3.144,3.252,0.000599,101891,54.64,0.684
5240,3.308,3.26,0.000599,101923,54.64,0.687
5260,3.218,3.231,0.000599,101955,54.64,0.69
5280,3.398,3.303,0.000599,101987,54.64,0.692
5300,3.284,3.253,0.000599,101992,54.64,0.695
5320,3.183,3.295,0.000599,102024,54.64,0.697
5340,3.146,3.273,0.000599,102055,54.64,0.7
5360,3.261,3.268,0.000599,102086,54.64,0.703
5380,3.287,3.269,0.000599,102095,54.64,0.705
5400,3.312,3.24,0.000599,102125,54.64,0.708
5420,3.175,3.27,0.000599,102156,54.64,0.711
5440,3.242,3.251,0.000599,102186,54.64,0.713
5460,3.223,3.234,0.000599,102194,54.64,0.716
5480,3.236,3.238,0.000599,102224,54.64,0.718
5500,3.174,3.255,0.000599,102061,54.64,0.721
5520,3.236,3.246,0.000599,101723,54.64,0.724
5540,3.206,3.254,0.000599,101733,54.64,0.726
5560,3.212,3.246,0.000599,101764,54.64,0.729
5580,3.206,3.236,0.000599,101795,54.64,0.732
5600,3.176,3.283,0.000599,101826,54.64,0.734
5620,3.231,3.253,0.000599,101835,54.64,0.737
5640,3.231,3.275,0.000599,101859,54.64,0.739
5660,3.328,3.229,0.000599,101890,54.64,0.742
5680,3.266,3.194,0.000599,101920,54.64,0.745
5700,3.263,3.28,0.000599,101928,54.64,0.747
5720,3.222,3.267,0.000599,101957,54.64,0.75
5740,3.215,3.189,0.000599,101987,54.64,0.752
5760,3.21,3.201,0.000599,102016,54.64,0.755
5780,3.173,3.222,0.000599,102025,54.64,0.758
5800,3.191,3.232,0.000599,102054,54.64,0.76
5820,3.362,3.189,0.000599,102082,54.64,0.763
5840,3.193,3.243,0.000599,102110,54.64,0.766
5860,3.004,3.238,0.000599,102118,54.64,0.768
5880,3.344,3.246,0.000599,102146,54.64,0.771
5900,3.385,3.241,0.000599,102174,54.64,0.773
5920,3.114,3.217,0.000599,102202,54.64,0.776
5940,3.27,3.266,0.000599,102210,54.64,0.779
5960,3.266,3.17,0.000599,102237,54.64,0.781
5980,3.267,3.217,0.000599,102265,54.64,0.784
6000,3.207,3.241,0.000599,102119,54.64,0.787
6020,3.243,3.181,0.000599,101787,54.64,0.789
6040,3.168,3.16,0.000599,101816,54.64,0.792
6060,3.19,3.209,0.000599,101845,54.64,0.794
6080,3.222,3.224,0.000599,101873,54.64,0.797
6100,3.184,3.272,0.000599,101881,54.64,0.8
6120,3.303,3.238,0.000599,101909,54.64,0.802
6140,3.265,3.22,0.000599,101933,54.64,0.805
6160,3.266,3.164,0.000599,101961,54.64,0.808
6180,3.207,3.222,0.000599,101968,54.64,0.81
6200,3.209,3.205,0.000599,101995,54.64,0.813
6220,3.19,3.232,0.000599,102022,54.64,0.815
6240,3.168,3.219,0.000599,102049,54.64,0.818
6260,3.28,3.218,0.000599,102057,54.64,0.821
6280,3.192,3.194,0.000599,102084,54.64,0.823
6300,3.194,3.254,0.000599,102110,54.64,0.826
6320,3.217,3.214,0.000599,102136,54.64,0.829
6340,3.27,3.18,0.000599,102143,54.64,0.831
6360,3.207,3.23,0.000599,102169,54.64,0.834
6380,3.257,3.197,0.000599,102195,54.64,0.836
6400,3.135,3.243,0.000599,102221,54.64,0.839
6420,3.306,3.178,0.000599,102227,54.64,0.842
6440,3.21,3.257,0.000599,102253,54.64,0.844
6460,3.373,3.184,0.000599,102278,54.64,0.847
6480,3.22,3.207,0.000599,102290,54.64,0.849
6500,3.344,3.195,0.000599,102137,54.64,0.852
6520,3.192,3.254,0.000599,101842,54.64,0.855
6540,3.186,3.243,0.000599,101868,54.64,0.857
6560,3.261,3.185,0.000599,101894,54.64,0.86
6580,3.338,3.209,0.000599,101901,54.64,0.863
6600,3.113,3.152,0.000598,101927,54.64,0.865
6620,3.226,3.17,0.000598,101953,54.64,0.868
6640,3.046,3.221,0.000598,101978,54.64,0.87
6660,3.033,3.209,0.000598,101985,54.64,0.873
6680,3.201,3.192,0.000598,102011,54.64,0.876
6700,3.176,3.222,0.000598,102036,54.64,0.878
6720,3.254,3.181,0.000598,102061,54.64,0.881
6740,3.303,3.199,0.000598,102068,54.64,0.884
6760,3.262,3.163,0.000598,102092,54.64,0.886
6780,3.174,3.231,0.000598,102117,54.64,0.889
6800,3.208,3.158,0.000598,102141,54.64,0.891
6820,3.257,3.169,0.000598,102147,54.64,0.894
6840,3.187,3.208,0.000598,102171,54.64,0.897
6860,3.277,3.161,0.000598,102196,54.64,0.899
6880,3.178,3.198,0.000598,102220,54.64,0.902
6900,3.246,3.145,0.000598,102226,54.64,0.905
6920,3.09,3.219,0.000598,102250,54.64,0.907
6940,3.169,3.154,0.000598,102274,54.64,0.91
6960,3.067,3.156,0.000598,102297,54.64,0.912
6980,3.195,3.206,0.000598,102303,54.64,0.915
7000,3.132,3.173,0.000598,102177,54.64,0.918
7020,3.119,3.2,0.000598,101901,54.64,0.92
7040,3.139,3.212,0.000598,101925,54.64,0.923
7060,3.135,3.191,0.000598,101933,54.64,0.925
7080,3.28,3.138,0.000598,101957,54.64,0.928
7100,3.201,3.184,0.000598,101981,54.64,0.931
7120,3.075,3.182,0.000598,102002,54.64,0.933
7140,3.118,3.162,0.000598,102009,54.64,0.936
7160,3.163,3.222,0.000598,102032,54.64,0.939
7180,3.111,3.217,0.000598,102056,54.64,0.941
7200,3.319,3.185,0.000598,102079,54.64,0.944
7220,3.208,3.209,0.000598,102085,54.64,0.946
7240,3.077,3.194,0.000598,102108,54.64,0.949
7260,3.298,3.174,0.000598,102131,54.64,0.952
7280,3.171,3.173,0.000598,102154,54.64,0.954
7300,3.2,3.213,0.000598,102160,54.64,0.957
7320,3.21,3.18,0.000598,102182,54.64,0.96
7340,3.122,3.146,0.000598,102205,54.64,0.962
7360,3.175,3.156,0.000598,102227,54.64,0.965
7380,3.298,3.151,0.000598,102232,54.64,0.967
7400,3.229,3.173,0.000598,102254,54.64,0.97
7420,3.231,3.157,0.000598,102276,54.64,0.973
7440,3.203,3.185,0.000598,102298,54.64,0.975
7460,3.221,3.199,0.000598,102304,54.64,0.978
7480,3.077,3.176,0.000598,102326,54.64,0.981
7500,3.08,3.173,0.000598,102207,54.64,0.983
7520,3.214,3.17,0.000598,101968,54.64,0.986
7540,3.223,3.196,0.000598,101975,54.64,0.988
7560,3.078,3.143,0.000598,101998,54.64,0.991
7580,3.258,3.143,0.000598,102020,54.64,0.994
7600,3.156,3.155,0.000598,102042,54.64,0.996
7620,3.007,3.155,0.000598,102048,54.64,0.999
7640,3.234,3.213,0.000598,102071,54.64,1.002
7660,3.05,3.195,0.000598,102092,54.64,1.004
7680,3.091,3.169,0.000598,102114,54.64,1.007
7700,3.134,3.186,0.000598,102120,54.64,1.009
7720,3.147,3.152,0.000598,102142,54.64,1.012
7740,3.032,3.134,0.000598,102163,54.64,1.015
7760,3.261,3.121,0.000598,102185,54.64,1.017
7780,3.07,3.172,0.000598,102190,54.64,1.02
7800,3.189,3.164,0.000598,102212,54.64,1.022
7820,3.073,3.181,0.000598,102233,54.64,1.025
7840,3.181,3.174,0.000598,102254,54.64,1.028
7860,3.035,3.178,0.000598,102257,54.64,1.03
7880,3.194,3.147,0.000598,102278,54.64,1.033
7900,2.883,3.141,0.000598,102299,54.64,1.036
7920,3.264,3.158,0.000598,102320,54.64,1.038
7940,3.096,3.167,0.000598,102324,54.64,1.041
7960,3.077,3.128,0.000598,102345,54.64,1.043
7980,3.156,3.156,0.000598,102365,54.64,1.046
8000,3.045,3.159,0.000598,102257,54.64,1.049
8020,3.214,3.183,0.000598,102005,54.64,1.051
8040,3.111,3.165,0.000598,102027,54.64,1.054
8060,3.022,3.14,0.000598,102048,54.64,1.057
8080,3.153,3.141,0.000597,102069,54.64,1.059
8100,3.238,3.17,0.000597,102074,54.64,1.062
8120,3.202,3.145,0.000597,102095,54.64,1.064
8140,3.126,3.213,0.000597,102115,54.64,1.067
8160,3.083,3.146,0.000597,102135,54.64,1.07
8180,3.152,3.163,0.000597,102140,54.64,1.072
8200,3.196,3.131,0.000597,102161,54.64,1.075
8220,3.154,3.143,0.000597,102181,54.64,1.078
8240,3.063,3.145,0.000597,102201,54.64,1.08
8260,3.082,3.144,0.000597,102206,54.64,1.083
8280,3.117,3.114,0.000597,102223,54.64,1.085
8300,3.096,3.15,0.000597,102243,54.64,1.088
8320,3.16,3.11,0.000597,102263,54.64,1.091
8340,3.065,3.113,0.000597,102268,54.64,1.093
8360,3.163,3.125,0.000597,102287,54.64,1.096
8380,3.097,3.111,0.000597,102307,54.64,1.099
8400,3.265,3.079,0.000597,102326,54.64,1.101
8420,3.141,3.17,0.000597,102331,54.64,1.104
8440,3.111,3.169,0.000597,102350,54.64,1.106
8460,3.064,3.152,0.000597,102369,54.64,1.109
8480,3.079,3.151,0.000597,102388,54.64,1.112
8500,3.249,3.152,0.000597,102273,54.64,1.114
8520,3.157,3.143,0.000597,102046,54.64,1.117
8540,3.117,3.153,0.000597,102066,54.64,1.119
8560,3.006,3.145,0.000597,102086,54.64,1.122
8580,3.029,3.117,0.000597,102092,54.64,1.125
8600,3.079,3.132,0.000597,102111,54.64,1.127
8620,3.218,3.133,0.000597,102130,54.64,1.13
8640,3.094,3.131,0.000597,102149,54.64,1.133
8660,3.039,3.138,0.000597,102154,54.64,1.135
8680,3.149,3.122,0.000597,102171,54.64,1.138
8700,3.144,3.148,0.000597,102190,54.64,1.14
8720,3.202,3.129,0.000597,102209,54.64,1.143
8740,3.164,3.177,0.000597,102214,54.64,1.146
8760,3.113,3.124,0.000597,102232,54.64,1.148
8780,3.046,3.086,0.000597,102251,54.64,1.151
8800,2.999,3.125,0.000597,102269,54.64,1.154
8820,3.24,3.081,0.000597,102274,54.64,1.156
8840,3.02,3.147,0.000597,102293,54.64,1.159
8860,3.31,3.124,0.000597,102311,54.64,1.161
8880,3.029,3.104,0.000597,102329,54.64,1.164
8900,3.197,3.077,0.000597,102334,54.64,1.167
8920,3.022,3.162,0.000597,102352,54.64,1.169
8940,3.148,3.109,0.000597,102371,54.64,1.172
8960,3.165,3.128,0.000597,102389,54.64,1.175
8980,3.192,3.11,0.000597,102393,54.64,1.177
9000,3.252,3.154,0.000597,102296,54.64,1.18
9020,3.17,3.09,0.000597,102096,54.64,1.182
9040,3.201,3.126,0.000597,102115,54.64,1.185
9060,3.025,3.126,0.000597,102120,54.64,1.188
9080,3.182,3.099,0.000597,102138,54.64,1.19
9100,3.063,3.132,0.000597,102156,54.64,1.193
9120,3.049,3.144,0.000597,102174,54.64,1.196
9140,3.118,3.11,0.000597,102179,54.64,1.198
9160,3.336,3.104,0.000597,102197,54.64,1.201
9180,3.089,3.067,0.000597,102215,54.64,1.203
9200,3.046,3.1,0.000597,102233,54.64,1.206
9220,3.112,3.18,0.000597,102238,54.64,1.209
9240,3.066,3.102,0.000597,102253,54.64,1.211
9260,2.938,3.122,0.000597,102271,54.64,1.214
9280,2.992,3.085,0.000596,102289,54.64,1.216
9300,2.939,3.145,0.000596,102293,54.64,1.219
9320,3.208,3.111,0.000596,102311,54.64,1.222
9340,3.145,3.107,0.000596,102328,54.64,1.224
9360,3.143,3.108,0.000596,102346,54.64,1.227
9380,3.211,3.146,0.000596,102350,54.64,1.23
9400,3.086,3.107,0.000596,102368,54.64,1.232
9420,2.971,3.068,0.000596,102385,54.64,1.235
9440,3.162,3.133,0.000596,102402,54.64,1.237
9460,3.124,3.152,0.000596,102405,54.64,1.24
9480,3.027,3.129,0.000596,102422,54.64,1.243
9500,3.227,3.09,0.000596,102327,54.64,1.245
9520,3.015,3.085,0.000596,102123,54.64,1.248
9540,3.067,3.105,0.000596,102127,54.64,1.251
9560,3.05,3.181,0.000596,102145,54.64,1.253
9580,3.049,3.08,0.000596,102162,54.64,1.256
9600,3.156,3.093,0.000596,102180,54.64,1.258
9620,3.07,3.094,0.000596,102184,54.64,1.261
9640,3.125,3.064,0.000596,102201,54.64,1.264
9660,3.131,3.118,0.000596,102219,54.64,1.266
9680,3.092,3.156,0.000596,102236,54.64,1.269
9700,3.227,3.074,0.000596,102240,54.64,1.272
9720,3.08,3.116,0.000596,102257,54.64,1.274
9740,3.146,3.105,0.000596,102274,54.64,1.277
9760,3.179,3.159,0.000596,102291,54.64,1.279
9780,3.161,3.089,0.000596,102295,54.64,1.282
9800,3.241,3.143,0.000596,102312,54.64,1.285
9820,3.059,3.112,0.000596,102329,54.64,1.287
9840,3.004,3.096,0.000596,102343,54.64,1.29
9860,3.063,3.073,0.000596,102347,54.64,1.293
9880,3.041,3.109,0.000596,102364,54.64,1.295
9900,3.24,3.132,0.000596,102380,54.64,1.298
9920,3.013,3.095,0.000596,102397,54.64,1.3
9940,3.268,3.111,0.000596,102401,54.64,1.303
9960,3.129,3.14,0.000596,102417,54.64,1.306
9980,3.181,3.117,0.000596,102433,54.64,1.308
10000,3.161,3.07,0.000596,102341,54.64,1.311
10020,3.079,3.077,0.000596,102137,54.64,1.313
10040,3.145,3.095,0.000596,102154,54.64,1.316
10060,3.117,3.076,0.000596,102171,54.64,1.319
10080,3.143,3.105,0.000596,102187,54.64,1.321
10100,3.032,3.108,0.000596,102192,54.64,1.324
10120,3.179,3.105,0.000596,102208,54.64,1.327
10140,3.132,3.063,0.000596,102225,54.64,1.329
10160,3.161,3.121,0.000596,102241,54.64,1.332
10180,3.003,3.13,0.000596,102245,54.64,1.334
10200,3.047,3.113,0.000596,102261,54.64,1.337
10220,3.161,3.098,0.000596,102277,54.64,1.34
10240,2.998,3.1,0.000596,102293,54.64,1.342
10260,2.979,3.151,0.000596,102297,54.64,1.345
10280,3.046,3.087,0.000596,102313,54.64,1.348
10300,3.182,3.109,0.000596,102329,54.64,1.35
10320,2.992,3.067,0.000595,102345,54.64,1.353
10340,3.107,3.068,0.000595,102349,54.64,1.355
10360,3.064,3.101,0.000595,102364,54.64,1.358
10380,3.143,3.124,0.000595,102379,54.64,1.361
10400,3.09,3.102,0.000595,102394,54.64,1.363
10420,3.006,3.102,0.000595,102398,54.64,1.366
10440,2.997,3.08,0.000595,102413,54.64,1.369
10460,3.087,3.075,0.000595,102429,54.64,1.371
10480,3.077,3.092,0.000595,102444,54.64,1.374
10500,3.057,3.089,0.000595,102346,54.64,1.376
10520,3.117,3.048,0.000595,102160,54.64,1.379
10540,3.168,3.094,0.000595,102176,54.64,1.382
10560,3.18,3.111,0.000595,102192,54.64,1.384
10580,3.121,3.095,0.000595,102196,54.64,1.387
10600,3.108,3.089,0.000595,102212,54.64,1.389
10620,3.022,3.107,0.000595,102227,54.64,1.392
10640,3.071,3.088,0.000595,102243,54.64,1.395
10660,3.196,3.121,0.000595,102247,54.64,1.397
10680,3.085,3.075,0.000595,102262,54.64,1.4
10700,2.998,3.1,0.000595,102278,54.64,1.403
10720,3.086,3.114,0.000595,102293,54.64,1.405
10740,3.092,3.064,0.000595,102298,54.64,1.408
10760,3.118,3.087,0.000595,102313,54.64,1.41
10780,3.147,3.08,0.000595,102328,54.64,1.413
10800,3.033,3.089,0.000595,102343,54.64,1.416
10820,2.931,3.121,0.000595,102347,54.64,1.418
10840,3.039,3.06,0.000595,102362,54.64,1.421
10860,3.081,3.096,0.000595,102377,54.64,1.424
10880,3.131,3.133,0.000595,102392,54.64,1.426
10900,3.075,3.115,0.000595,102396,54.64,1.429
10920,3.024,3.078,0.000595,102410,54.64,1.431
10940,3.18,3.1,0.000595,102425,54.64,1.434
10960,3.065,3.086,0.000595,102439,54.64,1.437
10980,2.968,3.115,0.000595,102443,54.64,1.439
11000,3.277,3.107,0.000595,102363,54.64,1.442
11020,3.097,3.099,0.000595,102194,54.64,1.445
11040,3.035,3.072,0.000595,102209,54.64,1.447
11060,3.135,3.095,0.000595,102213,54.64,1.45
11080,3.206,3.138,0.000595,102228,54.64,1.452
11100,2.979,3.11,0.000595,102243,54.64,1.455
11120,3.097,3.09,0.000595,102258,54.64,1.458
11140,3.156,3.094,0.000595,102262,54.64,1.46
11160,3.076,3.025,0.000595,102276,54.64,1.463
11180,3.172,3.102,0.000595,102291,54.64,1.466
11200,3.195,3.046,0.000595,102306,54.64,1.468
11220,3.122,3.106,0.000595,102310,54.64,1.471
11240,2.991,3.011,0.000595,102323,54.64,1.473
11260,3.113,3.074,0.000594,102337,54.64,1.476
11280,3.144,3.042,0.000594,102352,54.64,1.479
11300,3.09,3.097,0.000594,102355,54.64,1.481
11320,3.142,3.031,0.000594,102370,54.64,1.484
11340,3.198,3.063,0.000594,102384,54.64,1.486
11360,3.019,3.113,0.000594,102398,54.64,1.489
11380,3.044,3.081,0.000594,102402,54.64,1.492
11400,3.214,3.126,0.000594,102416,54.64,1.494
11420,3.031,3.067,0.000594,102430,54.64,1.497
11440,3.064,3.085,0.000594,102444,54.64,1.5
11460,3.187,3.061,0.000594,102448,54.64,1.502
11480,3.112,3.044,0.000594,102462,54.64,1.505
11500,3.115,3.079,0.000594,102380,54.64,1.507
11520,2.98,3.146,0.000594,102207,54.64,1.51
11540,3.123,3.072,0.000594,102211,54.64,1.513
11560,3.105,3.04,0.000594,102226,54.64,1.515
11580,3.068,3.039,0.000594,102240,54.64,1.518
11600,2.897,3.04,0.000594,102254,54.64,1.521
11620,3.057,3.045,0.000594,102258,54.64,1.523
11640,3.178,3.067,0.000594,102272,54.64,1.526
11660,3.003,3.025,0.000594,102286,54.64,1.528
11680,3.041,3.087,0.000594,102300,54.64,1.531
11700,3.222,3.059,0.000594,102304,54.64,1.534
11720,3.087,3.053,0.000594,102318,54.64,1.536
11740,3.126,3.076,0.000594,102332,54.64,1.539
11760,3.049,3.056,0.000594,102346,54.64,1.542
11780,2.933,3.049,0.000594,102349,54.64,1.544
11800,2.983,3.085,0.000594,102363,54.64,1.547
11820,3.027,3.091,0.000594,102377,54.64,1.549
11840,3.07,3.089,0.000594,102390,54.64,1.552
11860,3.02,3.063,0.000594,102394,54.64,1.555
11880,3.089,3.051,0.000594,102407,54.64,1.557
11900,3.12,3.057,0.000594,102419,54.64,1.56
11920,3.043,3.096,0.000594,102432,54.64,1.563
11940,3.107,3.048,0.000594,102435,54.64,1.565
11960,2.992,3.086,0.000594,102449,54.64,1.568
11980,3.059,3.065,0.000594,102463,54.64,1.57
12000,3.082,3.077,0.000594,102389,54.64,1.573
12020,2.996,3.037,0.000594,102208,54.64,1.576
12040,3.053,3.075,0.000594,102223,54.64,1.578
12060,3.158,3.044,0.000594,102235,54.64,1.581
12080,3.037,3.087,0.000594,102249,54.64,1.583
12100,3.1,3.068,0.000593,102252,54.64,1.586
12120,3.183,3.082,0.000593,102266,54.64,1.589
12140,2.965,3.021,0.000593,102280,54.64,1.591
12160,3.109,3.059,0.000593,102293,54.64,1.594
12180,3.122,3.039,0.000593,102296,54.64,1.597
12200,3.08,3.05,0.000593,102310,54.64,1.599
12220,2.938,3.066,0.000593,102323,54.64,1.602
12240,3.21,3.038,0.000593,102336,54.64,1.604
12260,3.059,3.051,0.000593,102340,54.64,1.607
12280,3.035,3.036,0.000593,102353,54.64,1.61
12300,2.917,3.056,0.000593,102366,54.64,1.612
12320,3.086,3.05,0.000593,102380,54.64,1.615
12340,2.98,3.079,0.000593,102383,54.64,1.618
12360,2.97,3.042,0.000593,102396,54.64,1.62
12380,3.031,3.067,0.000593,102409,54.64,1.623
12400,3.024,3.055,0.000593,102422,54.64,1.625
12420,3.135,3.045,0.000593,102426,54.64,1.628
12440,3.05,3.064,0.000593,102439,54.64,1.631
12460,3.029,3.053,0.000593,102451,54.64,1.633
12480,3.09,3.036,0.000593,102464,54.64,1.636
12500,2.951,3.032,0.000593,102383,54.64,1.639
12520,2.993,3.059,0.000593,102230,54.64,1.641
12540,3.034,3.054,0.000593,102244,54.64,1.644
12560,3.074,3.041,0.000593,102257,54.64,1.646
12580,3.118,3.122,0.000593,102260,54.64,1.649
12600,2.996,3.032,0.000593,102273,54.64,1.652
12620,3.22,3.105,0.000593,102276,54.64,1.654
12640,3.024,2.997,0.000593,102289,54.64,1.657
12660,3.057,3.094,0.000593,102292,54.64,1.66
12680,2.967,3.093,0.000593,102305,54.64,1.662
12700,2.959,3.07,0.000593,102318,54.64,1.665
12720,2.989,3.041,0.000593,102331,54.64,1.667
12740,3.147,3.106,0.000593,102334,54.64,1.67
12760,3.048,3.068,0.000593,102347,54.64,1.673
12780,3.117,3.061,0.000593,102360,54.64,1.675
12800,3.107,3.0,0.000593,102373,54.64,1.678
12820,3.031,3.052,0.000593,102376,54.64,1.68
12840,3.074,3.059,0.000593,102388,54.64,1.683
12860,3.161,3.066,0.000593,102401,54.64,1.686
12880,3.131,3.07,0.000593,102413,54.64,1.688
12900,3.086,3.067,0.000592,102417,54.64,1.691
12920,3.094,3.05,0.000592,102428,54.64,1.694
12940,3.046,3.017,0.000592,102440,54.64,1.696
12960,3.013,3.096,0.000592,102453,54.64,1.699
12980,3.019,3.022,0.000592,102456,54.64,1.701
13000,3.047,3.076,0.000592,102384,54.64,1.704
13020,3.047,3.051,0.000592,102238,54.64,1.707
13040,3.135,3.049,0.000592,102251,54.64,1.709
13060,2.921,3.022,0.000592,102254,54.64,1.712
13080,2.996,3.057,0.000592,102267,54.64,1.715
13100,3.11,3.027,0.000592,102279,54.64,1.717
13120,3.007,3.049,0.000592,102292,54.64,1.72
13140,3.05,3.04,0.000592,102295,54.64,1.722
13160,3.161,3.024,0.000592,102307,54.64,1.725
13180,3.059,3.024,0.000592,102320,54.64,1.728
13200,2.948,3.043,0.000592,102332,54.64,1.73
13220,3.125,3.069,0.000592,102335,54.64,1.733
13240,3.098,3.081,0.000592,102348,54.64,1.736
13260,3.056,3.065,0.000592,102360,54.64,1.738
13280,2.859,3.07,0.000592,102372,54.64,1.741
13300,3.072,3.032,0.000592,102375,54.64,1.743
13320,3.009,3.04,0.000592,102388,54.64,1.746
13340,2.905,2.991,0.000592,102400,54.64,1.749
13360,3.021,3.047,0.000592,102412,54.64,1.751
13380,3.082,3.053,0.000592,102415,54.64,1.754
13400,3.038,3.092,0.000592,102427,54.64,1.756
13420,2.913,3.102,0.000592,102439,54.64,1.759
13440,2.928,3.02,0.000592,102451,54.64,1.762
13460,2.932,3.058,0.000592,102454,54.64,1.764
13480,3.118,3.034,0.000592,102466,54.64,1.767
13500,3.069,3.011,0.000592,102399,54.64,1.77
13520,3.03,3.037,0.000592,102263,54.64,1.772
13540,3.026,3.083,0.000592,102266,54.64,1.775
13560,3.134,3.058,0.000592,102279,54.64,1.777
13580,3.084,3.032,0.000592,102291,54.64,1.78
13600,3.128,3.094,0.000592,102303,54.64,1.783
13620,3.148,3.037,0.000592,102306,54.64,1.785
13640,2.96,3.071,0.000591,102318,54.64,1.788
13660,3.169,3.047,0.000591,102329,54.64,1.791
13680,3.011,3.028,0.000591,102341,54.64,1.793
13700,3.109,3.022,0.000591,102344,54.64,1.796
13720,3.032,3.027,0.000591,102356,54.64,1.798
13740,3.208,3.011,0.000591,102368,54.64,1.801
13760,2.999,3.061,0.000591,102380,54.64,1.804
13780,2.907,3.034,0.000591,102382,54.64,1.806
13800,3.143,3.002,0.000591,102393,54.64,1.809
13820,3.183,3.043,0.000591,102405,54.64,1.812
13840,2.813,3.051,0.000591,102417,54.64,1.814
13860,2.99,3.054,0.000591,102420,54.64,1.817
13880,2.98,3.036,0.000591,102431,54.64,1.819
13900,3.072,3.049,0.000591,102443,54.64,1.822
13920,3.088,3.052,0.000591,102455,54.64,1.825
13940,3.027,3.038,0.000591,102457,54.64,1.827
13960,3.076,3.001,0.000591,102469,54.64,1.83
13980,3.056,3.029,0.000591,102481,54.64,1.833
14000,2.896,3.047,0.000591,102415,54.64,1.835
14020,3.056,3.042,0.000591,102267,54.64,1.838
14040,2.942,3.06,0.000591,102279,54.64,1.84
14060,2.961,3.053,0.000591,102291,54.64,1.843
14080,3.034,3.009,0.000591,102303,54.64,1.846
14100,3.151,3.044,0.000591,102306,54.64,1.848
14120,3.093,3.077,0.000591,102317,54.64,1.851
14140,3.17,3.037,0.000591,102329,54.64,1.853
14160,3.077,3.024,0.000591,102340,54.64,1.856
14180,2.913,3.043,0.000591,102343,54.64,1.859
14200,3.009,3.035,0.000591,102355,54.64,1.861
14220,3.038,3.042,0.000591,102366,54.64,1.864
14240,3.073,3.013,0.000591,102378,54.64,1.867
14260,3.127,3.047,0.000591,102381,54.64,1.869
14280,2.902,3.048,0.000591,102392,54.64,1.872
14300,2.931,3.013,0.000591,102404,54.64,1.874
14320,3.056,3.028,0.00059,102415,54.64,1.877
14340,2.934,3.004,0.00059,102418,54.64,1.88
14360,2.807,3.012,0.00059,102429,54.64,1.882
14380,3.006,3.051,0.00059,102440,54.64,1.885
14400,2.973,3.057,0.00059,102452,54.64,1.888
14420,3.058,3.053,0.00059,102454,54.64,1.89
14440,3.127,3.029,0.00059,102466,54.64,1.893
14460,3.114,3.001,0.00059,102477,54.64,1.895
14480,3.044,3.046,0.00059,102488,54.64,1.898
14500,3.115,3.046,0.00059,102417,54.64,1.901
14520,2.993,3.059,0.00059,102288,54.64,1.903
14540,3.002,3.057,0.00059,102299,54.64,1.906
14560,3.027,3.02,0.00059,102310,54.64,1.909
14580,3.018,3.031,0.00059,102313,54.64,1.911
14600,2.988,3.04,0.00059,102325,54.64,1.914
14620,3.074,3.02,0.00059,102335,54.64,1.916
14640,2.98,2.995,0.00059,102346,54.64,1.919
14660,3.123,2.987,0.00059,102349,54.64,1.922
14680,2.883,3.027,0.00059,102360,54.64,1.924
14700,3.087,2.998,0.00059,102371,54.64,1.927
14720,3.052,3.009,0.00059,102382,54.64,1.93
14740,3.1,3.054,0.00059,102384,54.64,1.932
14760,3.047,3.033,0.00059,102396,54.64,1.935
14780,3.018,2.997,0.00059,102407,54.64,1.937
14800,3.129,3.04,0.00059,102417,54.64,1.94
14820,3.115,3.024,0.00059,102420,54.64,1.943
14840,3.058,3.029,0.00059,102431,54.64,1.945
14860,3.046,3.019,0.00059,102442,54.64,1.948
14880,3.17,3.024,0.00059,102453,54.64,1.95
14900,3.053,2.997,0.00059,102455,54.64,1.953
14920,3.074,2.978,0.00059,102466,54.64,1.956
14940,3.046,3.027,0.00059,102477,54.64,1.958
14960,3.06,3.058,0.00059,102488,54.64,1.961
14980,3.068,3.063,0.000589,102490,54.64,1.964
15000,3.015,3.026,0.000589,102431,54.64,1.966
15020,2.916,3.018,0.000589,102307,54.64,1.969
15040,2.959,3.045,0.000589,102318,54.64,1.971
15060,3.059,3.042,0.000589,102321,54.64,1.974
15080,2.896,3.015,0.000589,102332,54.64,1.977
15100,3.057,3.078,0.000589,102343,54.64,1.979
15120,2.993,2.994,0.000589,102354,54.64,1.982
15140,3.052,3.009,0.000589,102356,54.64,1.985
15160,2.941,3.059,0.000589,102367,54.64,1.987
15180,3.068,3.024,0.000589,102378,54.64,1.99
15200,3.012,3.04,0.000589,102389,54.64,1.992
15220,3.038,3.035,0.000589,102391,54.64,1.995
15240,2.986,3.032,0.000589,102402,54.64,1.998
15260,2.899,3.007,0.000589,102413,54.64,2.0
15280,3.117,3.045,0.000589,102423,54.64,2.003
15300,2.973,3.031,0.000589,102426,54.64,2.006
15320,3.011,3.003,0.000589,102437,54.64,2.008
15340,3.078,3.017,0.000589,102447,54.64,2.011
15360,2.911,3.013,0.000589,102458,54.64,2.013
15380,3.082,3.041,0.000589,102460,54.64,2.016
15400,3.079,3.027,0.000589,102471,54.64,2.019
15420,2.945,3.048,0.000589,102481,54.64,2.021
15440,3.01,3.032,0.000589,102492,54.64,2.024
15460,3.007,3.043,0.000589,102494,54.64,2.027
15480,3.166,3.047,0.000589,102504,54.64,2.029
15500,3.053,2.979,0.000589,102443,54.64,2.032
15520,3.003,3.014,0.000589,102312,54.64,2.034
15540,3.03,2.993,0.000589,102315,54.64,2.037
15560,3.013,3.045,0.000589,102326,54.64,2.04
15580,2.983,3.049,0.000589,102336,54.64,2.042
15600,3.064,2.976,0.000589,102347,54.64,2.045
15620,3.114,3.018,0.000588,102350,54.64,2.047
15640,2.916,3.026,0.000588,102360,54.64,2.05
15660,3.107,3.062,0.000588,102371,54.64,2.053
15680,3.112,2.996,0.000588,102381,54.64,2.055
15700,3.132,3.034,0.000588,102384,54.64,2.058
15720,2.863,3.092,0.000588,102394,54.64,2.061
15740,3.098,3.003,0.000588,102404,54.64,2.063
15760,3.023,2.997,0.000588,102414,54.64,2.066
15780,3.028,2.998,0.000588,102417,54.64,2.068
15800,2.95,3.001,0.000588,102427,54.64,2.071
15820,2.985,3.055,0.000588,102438,54.64,2.074
15840,3.009,2.972,0.000588,102448,54.64,2.076
15860,2.948,2.996,0.000588,102450,54.64,2.079
15880,3.154,3.027,0.000588,102461,54.64,2.082
15900,3.039,3.015,0.000588,102471,54.64,2.084
15920,3.007,2.977,0.000588,102481,54.64,2.087
15940,2.896,2.99,0.000588,102483,54.64,2.089
15960,3.074,3.035,0.000588,102493,54.64,2.092
15980,2.82,2.993,0.000588,102504,54.64,2.095
16000,3.089,3.005,0.000588,102448,54.64,2.097
16020,2.927,3.026,0.000588,102321,54.64,2.1
16040,3.044,2.995,0.000588,102331,54.64,2.103
16060,3.093,3.054,0.000588,102342,54.64,2.105
16080,2.99,3.018,0.000588,102352,54.64,2.108
16100,2.942,3.018,0.000588,102354,54.64,2.11
16120,3.0,2.982,0.000588,102365,54.64,2.113
16140,3.072,3.015,0.000588,102375,54.64,2.116
16160,3.05,2.978,0.000588,102385,54.64,2.118
16180,3.087,3.012,0.000588,102388,54.64,2.121
16200,3.036,2.999,0.000588,102398,54.64,2.123
16220,3.083,3.042,0.000587,102408,54.64,2.126
16240,3.158,2.964,0.000587,102418,54.64,2.129
16260,2.993,3.036,0.000587,102420,54.64,2.131
16280,3.052,3.032,0.000587,102429,54.64,2.134
16300,2.961,3.004,0.000587,102439,54.64,2.137
16320,3.009,3.011,0.000587,102449,54.64,2.139
16340,2.945,3.003,0.000587,102452,54.64,2.142
16360,3.066,2.997,0.000587,102461,54.64,2.144
16380,3.242,3.033,0.000587,102471,54.64,2.147
16400,2.95,3.018,0.000587,102481,54.64,2.15
16420,2.986,3.012,0.000587,102483,54.64,2.152
16440,3.036,3.004,0.000587,102493,54.64,2.155
16460,3.003,3.045,0.000587,102503,54.64,2.158
16480,3.043,2.976,0.000587,102513,54.64,2.16
16500,2.966,2.981,0.000587,102448,54.64,2.163
16520,3.061,3.031,0.000587,102329,54.64,2.165
16540,2.985,3.018,0.000587,102339,54.64,2.168
16560,2.897,3.023,0.000587,102349,54.64,2.171
16580,3.019,3.006,0.000587,102352,54.64,2.173
16600,2.955,3.01,0.000587,102362,54.64,2.176
16620,3.181,3.012,0.000587,102371,54.64,2.179
16640,3.066,3.002,0.000587,102381,54.64,2.181
16660,3.056,3.0,0.000587,102384,54.64,2.184
16680,3.087,2.986,0.000587,102393,54.64,2.186
16700,3.054,2.953,0.000587,102403,54.64,2.189
16720,3.027,3.007,0.000587,102413,54.64,2.192
16740,3.016,3.017,0.000587,102416,54.64,2.194
16760,2.994,3.051,0.000587,102425,54.64,2.197
16780,2.948,3.005,0.000587,102435,54.64,2.2
16800,2.907,3.024,0.000586,102445,54.64,2.202
16820,3.013,2.982,0.000586,102447,54.64,2.205
16840,2.994,3.036,0.000586,102457,54.64,2.207
16860,3.021,2.983,0.000586,102466,54.64,2.21
16880,2.889,3.053,0.000586,102476,54.64,2.213
16900,2.867,3.012,0.000586,102478,54.64,2.215
16920,2.931,2.969,0.000586,102488,54.64,2.218
16940,3.026,3.039,0.000586,102497,54.64,2.22
16960,3.081,2.984,0.000586,102507,54.64,2.223
16980,3.014,2.989,0.000586,102509,54.64,2.226
17000,2.949,3.033,0.000586,102455,54.64,2.228
17020,2.989,2.988,0.000586,102337,54.64,2.231
17040,2.988,3.007,0.000586,102347,54.64,2.234
17060,3.011,3.022,0.000586,102350,54.64,2.236
17080,2.975,2.98,0.000586,102359,54.64,2.239
17100,3.047,2.957,0.000586,102369,54.64,2.241
17120,3.078,2.965,0.000586,102378,54.64,2.244
17140,3.104,3.01,0.000586,102380,54.64,2.247
17160,3.017,3.021,0.000586,102390,54.64,2.249
17180,2.976,3.003,0.000586,102399,54.64,2.252
17200,2.961,2.961,0.000586,102409,54.64,2.255
17220,3.0,3.058,0.000586,102411,54.64,2.257
17240,2.932,2.951,0.000586,102421,54.64,2.26
17260,3.103,3.002,0.000586,102430,54.64,2.262
17280,3.065,3.012,0.000586,102439,54.64,2.265
17300,2.996,3.018,0.000586,102442,54.64,2.268
17320,3.031,2.972,0.000586,102451,54.64,2.27
17340,3.073,3.001,0.000586,102461,54.64,2.273
17360,2.991,3.018,0.000585,102470,54.64,2.276
17380,2.843,3.02,0.000585,102472,54.64,2.278
17400,2.985,3.005,0.000585,102482,54.64,2.281
17420,3.023,2.994,0.000585,102491,54.64,2.283
17440,3.204,2.991,0.000585,102500,54.64,2.286
17460,3.085,2.959,0.000585,102502,54.64,2.289
17480,2.898,3.004,0.000585,102511,54.64,2.291
17500,3.0,3.045,0.000585,102455,54.64,2.294
17520,3.057,3.03,0.000585,102338,54.64,2.297
17540,3.031,2.948,0.000585,102341,54.64,2.299
17560,3.104,2.99,0.000585,102350,54.64,2.302
17580,3.06,3.034,0.000585,102360,54.64,2.304
17600,3.01,2.954,0.000585,102369,54.64,2.307
17620,3.067,3.031,0.000585,102371,54.64,2.31
17640,3.102,3.061,0.000585,102381,54.64,2.312
17660,3.024,2.94,0.000585,102390,54.64,2.315
17680,2.928,3.069,0.000585,102399,54.64,2.317
17700,3.039,3.019,0.000585,102401,54.64,2.32
17720,3.074,2.998,0.000585,102411,54.64,2.323
17740,2.968,3.022,0.000585,102420,54.64,2.325
17760,2.965,3.041,0.000585,102429,54.64,2.328
17780,3.088,2.961,0.000585,102431,54.64,2.331
17800,3.034,2.921,0.000585,102440,54.64,2.333
17820,3.058,2.991,0.000585,102450,54.64,2.336
17840,3.086,2.997,0.000585,102459,54.64,2.338
17860,3.057,3.022,0.000585,102460,54.64,2.341
17880,3.046,2.946,0.000585,102470,54.64,2.344
17900,3.025,2.978,0.000584,102479,54.64,2.346
17920,2.877,3.01,0.000584,102488,54.64,2.349
17940,2.979,3.023,0.000584,102490,54.64,2.352
17960,3.14,3.02,0.000584,102499,54.64,2.354
17980,3.031,3.037,0.000584,102507,54.64,2.357
18000,2.944,3.03,0.000584,102454,54.64,2.359
18020,3.037,2.979,0.000584,102337,54.64,2.362
18040,3.009,3.016,0.000584,102346,54.64,2.365
18060,2.881,3.003,0.000584,102355,54.64,2.367
18080,2.922,2.991,0.000584,102365,54.64,2.37
18100,3.122,2.985,0.000584,102367,54.64,2.373
18120,3.007,3.01,0.000584,102375,54.64,2.375
18140,3.084,2.969,0.000584,102385,54.64,2.378
18160,2.971,2.968,0.000584,102393,54.64,2.38
18180,3.151,3.017,0.000584,102396,54.64,2.383
18200,3.032,2.991,0.000584,102405,54.64,2.386
18220,3.047,2.995,0.000584,102414,54.64,2.388
18240,3.086,3.042,0.000584,102422,54.64,2.391
18260,3.012,3.017,0.000584,102425,54.64,2.394
18280,3.072,3.063,0.000584,102433,54.64,2.396
18300,2.886,2.98,0.000584,102442,54.64,2.399
18320,2.964,3.031,0.000584,102451,54.64,2.401
18340,3.021,3.004,0.000584,102454,54.64,2.404
18360,3.169,3.006,0.000584,102462,54.64,2.407
18380,2.995,2.97,0.000584,102471,54.64,2.409
18400,2.992,2.96,0.000584,102480,54.64,2.412
18420,2.915,2.999,0.000584,102482,54.64,2.414
18440,2.993,3.011,0.000583,102491,54.64,2.417
18460,2.947,2.996,0.000583,102500,54.64,2.42
18480,3.029,3.0,0.000583,102509,54.64,2.422
18500,2.855,2.964,0.000583,102452,54.64,2.425
18520,3.001,3.006,0.000583,102347,54.64,2.428
18540,3.035,2.981,0.000583,102356,54.64,2.43
18560,2.987,2.988,0.000583,102365,54.64,2.433
18580,3.066,2.982,0.000583,102366,54.64,2.435
18600,2.914,2.979,0.000583,102375,54.64,2.438
18620,2.891,3.097,0.000583,102384,54.64,2.441
18640,2.913,2.987,0.000583,102393,54.64,2.443
18660,2.924,2.962,0.000583,102394,54.64,2.446
18680,3.08,2.988,0.000583,102403,54.64,2.449
18700,2.961,2.965,0.000583,102412,54.64,2.451
18720,2.969,2.949,0.000583,102420,54.64,2.454
18740,2.98,2.993,0.000583,102422,54.64,2.456
18760,3.074,2.989,0.000583,102430,54.64,2.459
18780,2.972,3.011,0.000583,102439,54.64,2.462
18800,3.067,3.031,0.000583,102448,54.64,2.464
18820,3.104,3.0,0.000583,102448,54.64,2.467
18840,2.911,2.971,0.000583,102456,54.64,2.47
18860,3.062,3.024,0.000583,102465,54.64,2.472
18880,2.992,2.976,0.000583,102474,54.64,2.475
18900,2.947,2.993,0.000583,102475,54.64,2.477
18920,2.937,2.988,0.000583,102484,54.64,2.48
18940,2.957,3.005,0.000582,102492,54.64,2.483
18960,2.946,3.018,0.000582,102501,54.64,2.485
18980,2.908,3.006,0.000582,102502,54.64,2.488
19000,3.063,3.006,0.000582,102455,54.64,2.49
19020,3.209,2.991,0.000582,102352,54.64,2.493
19040,3.008,2.984,0.000582,102360,54.64,2.496
19060,3.083,3.006,0.000582,102362,54.64,2.498
19080,2.965,3.05,0.000582,102371,54.64,2.501
19100,2.991,2.967,0.000582,102379,54.64,2.504
19120,2.877,2.983,0.000582,102388,54.64,2.506
19140,2.908,2.967,0.000582,102389,54.64,2.509
19160,3.014,2.918,0.000582,102398,54.64,2.511
19180,2.989,3.001,0.000582,102406,54.64,2.514
19200,2.928,2.988,0.000582,102414,54.64,2.517
19220,3.078,3.011,0.000582,102416,54.64,2.519
19240,2.947,3.019,0.000582,102424,54.64,2.522
19260,2.983,2.951,0.000582,102432,54.64,2.525
19280,3.027,2.988,0.000582,102441,54.64,2.527
19300,3.062,2.995,0.000582,102442,54.64,2.53
19320,2.943,2.995,0.000582,102450,54.64,2.532
19340,3.022,2.988,0.000582,102459,54.64,2.535
19360,2.91,2.986,0.000582,102467,54.64,2.538
19380,3.062,2.967,0.000582,102468,54.64,2.54
19400,2.942,3.03,0.000582,102477,54.64,2.543
19420,3.013,2.979,0.000582,102485,54.64,2.546
19440,3.118,2.967,0.000581,102493,54.64,2.548
19460,3.132,2.962,0.000581,102495,54.64,2.551
19480,2.814,3.027,0.000581,102503,54.64,2.553
19500,2.901,3.023,0.000581,102458,54.64,2.556
19520,3.084,2.989,0.000581,102361,54.64,2.559
19540,2.964,2.941,0.000581,102362,54.64,2.561
19560,3.045,2.981,0.000581,102371,54.64,2.564
19580,2.975,3.021,0.000581,102379,54.64,2.567
19600,2.808,3.023,0.000581,102388,54.64,2.569
19620,2.931,2.95,0.000581,102389,54.64,2.572
19640,3.0,3.004,0.000581,102396,54.64,2.574
19660,3.123,2.972,0.000581,102405,54.64,2.577
19680,2.888,3.001,0.000581,102413,54.64,2.58
19700,3.091,3.016,0.000581,102414,54.64,2.582
19720,3.098,2.964,0.000581,102423,54.64,2.585
19740,3.043,2.969,0.000581,102431,54.64,2.587
19760,3.052,2.991,0.000581,102439,54.64,2.59
19780,3.0,2.956,0.000581,102440,54.64,2.593
19800,2.908,2.981,0.000581,102449,54.64,2.595
19820,2.96,2.972,0.000581,102457,54.64,2.598
19840,2.832,2.974,0.000581,102465,54.64,2.601
19860,3.08,2.988,0.000581,102466,54.64,2.603
19880,3.005,2.975,0.000581,102475,54.64,2.606
19900,2.916,2.974,0.000581,102483,54.64,2.608
19920,3.057,2.98,0.00058,102491,54.64,2.611
19940,3.063,2.981,0.00058,102492,54.64,2.614
19960,3.039,3.014,0.00058,102500,54.64,2.616
19980,3.021,2.989,0.00058,102508,54.64,2.619
20000,2.867,2.955,0.00058,102465,54.64,2.622
20020,2.865,2.967,0.00058,102364,54.64,2.624
20040,2.946,2.973,0.00058,102372,54.64,2.627
20060,3.06,2.985,0.00058,102380,54.64,2.629
20080,2.938,3.004,0.00058,102388,54.64,2.632
20100,3.05,2.988,0.00058,102390,54.64,2.635
20120,3.069,2.976,0.00058,102398,54.64,2.637
20140,2.973,2.972,0.00058,102406,54.64,2.64
20160,3.017,3.01,0.00058,102414,54.64,2.643
20180,2.949,2.97,0.00058,102415,54.64,2.645
20200,3.0,2.931,0.00058,102423,54.64,2.648
20220,2.968,2.992,0.00058,102431,54.64,2.65
20240,2.929,3.0,0.00058,102439,54.64,2.653
20260,2.952,3.01,0.00058,102441,54.64,2.656
20280,2.947,2.977,0.00058,102449,54.64,2.658
20300,3.064,2.967,0.00058,102457,54.64,2.661
20320,2.971,2.976,0.00058,102465,54.64,2.664
20340,2.978,3.006,0.00058,102466,54.64,2.666
20360,2.946,2.94,0.00058,102474,54.64,2.669
20380,3.199,3.015,0.00058,102482,54.64,2.671
20400,2.982,2.905,0.000579,102490,54.64,2.674
20420,2.974,2.934,0.000579,102491,54.64,2.677
20440,2.994,2.956,0.000579,102499,54.64,2.679
20460,2.957,2.97,0.000579,102507,54.64,2.682
20480,2.937,2.973,0.000579,102514,54.64,2.684
20500,2.867,2.97,0.000579,102462,54.64,2.687
20520,2.952,2.988,0.000579,102366,54.64,2.69
20540,3.012,2.985,0.000579,102374,54.64,2.692
20560,2.84,2.958,0.000579,102382,54.64,2.695
20580,2.954,2.993,0.000579,102384,54.64,2.698
20600,2.971,3.024,0.000579,102392,54.64,2.7
20620,2.981,2.965,0.000579,102400,54.64,2.703
20640,2.929,2.992,0.000579,102407,54.64,2.705
20660,2.914,2.966,0.000579,102409,54.64,2.708
20680,2.931,2.998,0.000579,102417,54.64,2.711
20700,2.962,2.972,0.000579,102425,54.64,2.713
20720,3.049,2.984,0.000579,102432,54.64,2.716
20740,2.878,2.969,0.000579,102434,54.64,2.719
20760,2.982,2.976,0.000579,102441,54.64,2.721
20780,2.915,2.944,0.000579,102449,54.64,2.724
20800,2.957,2.963,0.000579,102457,54.64,2.726
20820,2.985,2.978,0.000579,102458,54.64,2.729
20840,2.77,2.958,0.000579,102466,54.64,2.732
20860,2.969,2.984,0.000578,102473,54.64,2.734
20880,2.9,2.926,0.000578,102481,54.64,2.737
20900,2.815,2.973,0.000578,102482,54.64,2.74
20920,2.919,2.976,0.000578,102490,54.64,2.742
20940,2.905,2.969,0.000578,102498,54.64,2.745
20960,2.864,3.003,0.000578,102506,54.64,2.747
20980,3.006,2.974,0.000578,102507,54.64,2.75
21000,2.961,2.999,0.000578,102466,54.64,2.753
21020,3.041,2.988,0.000578,102373,54.64,2.755
21040,2.905,2.994,0.000578,102381,54.64,2.758
21060,3.077,2.956,0.000578,102383,54.64,2.761
21080,2.951,2.943,0.000578,102391,54.64,2.763
21100,3.019,2.997,0.000578,102398,54.64,2.766
21120,2.934,2.999,0.000578,102406,54.64,2.768
21140,3.048,3.012,0.000578,102407,54.64,2.771
21160,2.873,3.017,0.000578,102415,54.64,2.774
21180,2.786,2.989,0.000578,102423,54.64,2.776
21200,3.004,2.969,0.000578,102430,54.64,2.779
21220,2.914,2.926,0.000578,102432,54.64,2.781
21240,2.994,2.957,0.000578,102439,54.64,2.784
21260,2.961,2.973,0.000578,102447,54.64,2.787
21280,2.925,2.968,0.000578,102455,54.64,2.789
21300,3.049,2.953,0.000577,102456,54.64,2.792
21320,2.996,2.959,0.000577,102463,54.64,2.795
21340,2.83,3.014,0.000577,102470,54.64,2.797
21360,2.953,2.967,0.000577,102478,54.64,2.8
21380,3.011,2.972,0.000577,102479,54.64,2.802
21400,3.057,2.983,0.000577,102486,54.64,2.805
21420,2.983,2.977,0.000577,102494,54.64,2.808
21440,3.178,2.968,0.000577,102501,54.64,2.81
21460,2.979,2.969,0.000577,102503,54.64,2.813
21480,2.941,2.952,0.000577,102510,54.64,2.816
21500,2.971,2.973,0.000577,102469,54.64,2.818
21520,2.991,2.989,0.000577,102376,54.64,2.821
21540,2.899,3.022,0.000577,102378,54.64,2.823
21560,2.931,2.941,0.000577,102385,54.64,2.826
21580,3.045,2.958,0.000577,102393,54.64,2.829
21600,2.951,2.969,0.000577,102401,54.64,2.831
21620,2.946,2.992,0.000577,102402,54.64,2.834
21640,3.023,2.989,0.000577,102410,54.64,2.837
21660,2.979,2.995,0.000577,102417,54.64,2.839
21680,2.969,2.953,0.000577,102425,54.64,2.842
21700,2.96,2.995,0.000577,102426,54.64,2.844
21720,3.111,2.962,0.000577,102434,54.64,2.847
21740,2.888,2.966,0.000576,102441,54.64,2.85
21760,2.955,2.977,0.000576,102448,54.64,2.852
21780,2.969,2.936,0.000576,102450,54.64,2.855
21800,2.943,2.982,0.000576,102457,54.64,2.858
21820,3.122,2.994,0.000576,102465,54.64,2.86
21840,2.974,2.897,0.000576,102472,54.64,2.863
21860,3.016,2.981,0.000576,102473,54.64,2.865
21880,2.841,2.921,0.000576,102481,54.64,2.868
21900,2.969,2.989,0.000576,102488,54.64,2.871
21920,2.945,2.942,0.000576,102495,54.64,2.873
21940,2.889,2.969,0.000576,102496,54.64,2.876
21960,2.842,2.978,0.000576,102504,54.64,2.878
21980,2.904,2.968,0.000576,102511,54.64,2.881
22000,3.035,2.989,0.000576,102470,54.64,2.884
22020,2.934,2.972,0.000576,102378,54.64,2.886
22040,3.01,2.996,0.000576,102385,54.64,2.889
22060,3.003,2.982,0.000576,102393,54.64,2.892
22080,2.952,2.958,0.000576,102400,54.64,2.894
22100,2.935,2.927,0.000576,102401,54.64,2.897
22120,2.988,2.997,0.000576,102409,54.64,2.899
22140,2.848,2.916,0.000576,102416,54.64,2.902
22160,2.866,2.931,0.000576,102422,54.64,2.905
22180,2.981,2.994,0.000575,102424,54.64,2.907
22200,3.088,2.969,0.000575,102431,54.64,2.91
22220,2.875,2.98,0.000575,102438,54.64,2.913
22240,2.816,2.932,0.000575,102446,54.64,2.915
22260,2.89,2.951,0.000575,102447,54.64,2.918
22280,2.838,2.936,0.000575,102454,54.64,2.92
22300,3.068,2.993,0.000575,102462,54.64,2.923
22320,3.084,2.983,0.000575,102469,54.64,2.926
22340,2.936,2.954,0.000575,102470,54.64,2.928
22360,2.98,2.959,0.000575,102477,54.64,2.931
22380,2.916,2.989,0.000575,102484,54.64,2.934
22400,2.935,2.992,0.000575,102491,54.64,2.936
22420,3.151,2.968,0.000575,102492,54.64,2.939
22440,2.887,2.948,0.000575,102500,54.64,2.941
22460,3.146,2.964,0.000575,102507,54.64,2.944
22480,3.029,2.963,0.000575,102514,54.64,2.947
22500,2.816,2.942,0.000575,102468,54.64,2.949
22520,2.949,2.93,0.000575,102381,54.64,2.952
22540,3.028,2.912,0.000575,102388,54.64,2.954
22560,2.966,2.956,0.000575,102396,54.64,2.957
22580,2.908,2.923,0.000575,102397,54.64,2.96
22600,3.061,2.941,0.000574,102404,54.64,2.962
22620,2.842,2.997,0.000574,102411,54.64,2.965
22640,3.019,2.986,0.000574,102419,54.64,2.968
22660,2.975,2.997,0.000574,102420,54.64,2.97
22680,2.856,2.994,0.000574,102427,54.64,2.973
22700,2.935,2.955,0.000574,102434,54.64,2.975
22720,2.937,2.972,0.000574,102441,54.64,2.978
22740,3.061,2.952,0.000574,102443,54.64,2.981
22760,2.888,2.963,0.000574,102450,54.64,2.983
22780,2.874,2.957,0.000574,102457,54.64,2.986
22800,2.972,2.943,0.000574,102464,54.64,2.989
22820,3.034,2.983,0.000574,102465,54.64,2.991
22840,3.076,3.007,0.000574,102472,54.64,2.994
22860,3.009,2.958,0.000574,102479,54.64,2.996
22880,2.953,2.964,0.000574,102486,54.64,2.999
22900,3.039,2.942,0.000574,102487,54.64,3.002
22920,3.018,2.912,0.000574,102494,54.64,3.004
22940,2.897,2.991,0.000574,102501,54.64,3.007
22960,2.699,2.986,0.000574,102508,54.64,3.01
22980,2.954,2.98,0.000574,102509,54.64,3.012
23000,2.894,2.976,0.000574,102471,54.64,3.015
23020,2.86,2.968,0.000573,102388,54.64,3.017
23040,3.004,2.964,0.000573,102395,54.64,3.02
23060,2.913,2.991,0.000573,102396,54.64,3.023
23080,2.912,3.034,0.000573,102403,54.64,3.025
23100,3.029,2.981,0.000573,102410,54.64,3.028
23120,2.998,2.927,0.000573,102417,54.64,3.031
23140,2.957,2.983,0.000573,102418,54.64,3.033
23160,2.985,2.972,0.000573,102425,54.64,3.036
23180,2.917,2.982,0.000573,102432,54.64,3.038
23200,2.816,2.955,0.000573,102439,54.64,3.041
23220,2.971,3.002,0.000573,102440,54.64,3.044
23240,2.963,2.949,0.000573,102447,54.64,3.046
23260,3.005,2.956,0.000573,102454,54.64,3.049
23280,2.952,2.999,0.000573,102461,54.64,3.051
23300,3.071,2.953,0.000573,102462,54.64,3.054
23320,2.967,2.981,0.000573,102469,54.64,3.057
23340,3.05,2.942,0.000573,102476,54.64,3.059
23360,2.979,2.976,0.000573,102483,54.64,3.062
23380,3.017,2.992,0.000573,102484,54.64,3.065
23400,3.011,2.953,0.000573,102491,54.64,3.067
23420,2.794,2.967,0.000572,102498,54.64,3.07
23440,2.959,2.916,0.000572,102505,54.64,3.072
23460,2.969,2.967,0.000572,102506,54.64,3.075
23480,2.859,2.962,0.000572,102513,54.64,3.078
23500,2.869,2.891,0.000572,102475,54.64,3.08
23520,2.841,2.945,0.000572,102395,54.64,3.083
23540,2.933,2.991,0.000572,102396,54.64,3.086
23560,2.996,2.946,0.000572,102403,54.64,3.088
23580,2.923,2.951,0.000572,102410,54.64,3.091
23600,3.027,3.001,0.000572,102417,54.64,3.093
23620,2.893,2.965,0.000572,102418,54.64,3.096
23640,3.036,2.987,0.000572,102425,54.64,3.099
23660,2.855,3.0,0.000572,102432,54.64,3.101
23680,2.967,3.005,0.000572,102439,54.64,3.104
23700,3.008,2.979,0.000572,102440,54.64,3.107
23720,2.844,2.937,0.000572,102447,54.64,3.109
23740,3.041,2.959,0.000572,102453,54.64,3.112
23760,2.953,3.014,0.000572,102460,54.64,3.114
23780,2.964,2.928,0.000572,102461,54.64,3.117
23800,2.875,3.003,0.000572,102468,54.64,3.12
23820,2.723,2.977,0.000571,102475,54.64,3.122
23840,2.969,2.964,0.000571,102481,54.64,3.125
23860,3.049,2.961,0.000571,102482,54.64,3.128
23880,2.941,2.944,0.000571,102489,54.64,3.13
23900,2.967,2.965,0.000571,102495,54.64,3.133
23920,3.018,2.903,0.000571,102502,54.64,3.135
23940,3.067,3.002,0.000571,102503,54.64,3.138
23960,2.881,2.944,0.000571,102510,54.64,3.141
23980,2.964,2.94,0.000571,102517,54.64,3.143
24000,2.886,2.935,0.000571,102478,54.64,3.146
24020,2.913,2.992,0.000571,102391,54.64,3.148
24040,2.893,2.943,0.000571,102398,54.64,3.151
24060,3.055,2.961,0.000571,102404,54.64,3.154
24080,2.9,2.972,0.000571,102411,54.64,3.156
24100,2.958,2.939,0.000571,102412,54.64,3.159
24120,2.925,2.93,0.000571,102419,54.64,3.162
24140,2.935,2.968,0.000571,102426,54.64,3.164
24160,2.988,2.97,0.000571,102433,54.64,3.167
24180,2.973,2.943,0.000571,102434,54.64,3.169
24200,3.032,2.967,0.000571,102440,54.64,3.172
24220,2.944,2.955,0.00057,102447,54.64,3.175
24240,2.886,2.993,0.00057,102454,54.64,3.177
24260,2.845,2.913,0.00057,102455,54.64,3.18
24280,2.859,2.942,0.00057,102462,54.64,3.183
24300,3.035,2.941,0.00057,102468,54.64,3.185
24320,3.004,2.919,0.00057,102475,54.64,3.188
24340,2.846,2.95,0.00057,102476,54.64,3.19
24360,2.962,2.976,0.00057,102483,54.64,3.193
24380,3.0,2.964,0.00057,102489,54.64,3.196
24400,2.93,2.934,0.00057,102496,54.64,3.198
24420,2.911,2.999,0.00057,102497,54.64,3.201
24440,2.93,2.933,0.00057,102504,54.64,3.204
24460,2.799,2.938,0.00057,102510,54.64,3.206
24480,2.911,2.934,0.00057,102517,54.64,3.209
24500,3.08,2.975,0.00057,102474,54.64,3.211
24520,2.963,2.897,0.00057,102394,54.64,3.214
24540,2.978,2.974,0.00057,102401,54.64,3.217
24560,2.954,2.925,0.00057,102408,54.64,3.219
24580,2.851,2.957,0.00057,102409,54.64,3.222
24600,2.856,2.965,0.00057,102415,54.64,3.225
24620,2.787,2.965,0.000569,102422,54.64,3.227
24640,2.97,2.957,0.000569,102428,54.64,3.23
24660,2.943,2.945,0.000569,102430,54.64,3.232
24680,3.061,2.938,0.000569,102436,54.64,3.235
24700,2.742,2.948,0.000569,102442,54.64,3.238
24720,2.96,2.902,0.000569,102449,54.64,3.24
24740,2.946,2.972,0.000569,102450,54.64,3.243
24760,2.863,2.929,0.000569,102456,54.64,3.245
24780,2.94,2.903,0.000569,102463,54.64,3.248
24800,2.807,2.957,0.000569,102469,54.64,3.251
24820,2.912,2.999,0.000569,102471,54.64,3.253
24840,2.979,2.95,0.000569,102477,54.64,3.256
24860,2.884,2.974,0.000569,102483,54.64,3.259
24880,2.975,2.933,0.000569,102490,54.64,3.261
24900,2.966,3.008,0.000569,102491,54.64,3.264
24920,3.035,2.947,0.000569,102497,54.64,3.266
24940,3.016,3.002,0.000569,102504,54.64,3.269
24960,3.057,2.998,0.000569,102510,54.64,3.272
24980,2.881,2.971,0.000569,102511,54.64,3.274
25000,2.964,2.969,0.000568,102475,54.64,3.277
25020,2.975,2.953,0.000568,102398,54.64,3.28
25040,2.872,2.946,0.000568,102405,54.64,3.282
25060,2.896,2.91,0.000568,102406,54.64,3.285
25080,2.946,2.956,0.000568,102413,54.64,3.287
25100,2.984,2.98,0.000568,102419,54.64,3.29
25120,3.008,2.945,0.000568,102426,54.64,3.293
25140,3.035,2.944,0.000568,102427,54.64,3.295
25160,2.974,2.928,0.000568,102433,54.64,3.298
25180,2.986,2.929,0.000568,102440,54.64,3.301
25200,2.977,2.993,0.000568,102446,54.64,3.303
25220,2.945,2.987,0.000568,102447,54.64,3.306
25240,2.994,2.974,0.000568,102454,54.64,3.308
25260,2.984,2.961,0.000568,102460,54.64,3.311
25280,2.92,3.008,0.000568,102466,54.64,3.314
25300,2.957,2.959,0.000568,102467,54.64,3.316
25320,2.849,2.915,0.000568,102474,54.64,3.319
25340,3.041,2.952,0.000568,102480,54.64,3.321
25360,2.991,2.944,0.000568,102486,54.64,3.324
25380,2.861,2.947,0.000567,102487,54.64,3.327
25400,3.005,2.959,0.000567,102494,54.64,3.329
25420,2.997,2.923,0.000567,102500,54.64,3.332
25440,3.106,2.966,0.000567,102506,54.64,3.335
25460,2.934,2.979,0.000567,102507,54.64,3.337
25480,2.817,2.916,0.000567,102514,54.64,3.34
25500,3.011,2.997,0.000567,102478,54.64,3.342
25520,2.905,2.939,0.000567,102402,54.64,3.345
25540,2.917,3.004,0.000567,102403,54.64,3.348
25560,3.077,2.986,0.000567,102409,54.64,3.35
25580,2.98,2.953,0.000567,102416,54.64,3.353
25600,2.908,2.883,0.000567,102422,54.64,3.356
25620,2.95,2.963,0.000567,102423,54.64,3.358
25640,2.799,2.892,0.000567,102430,54.64,3.361
25660,2.993,2.956,0.000567,102436,54.64,3.363
25680,3.145,2.965,0.000567,102442,54.64,3.366
25700,2.853,2.958,0.000567,102443,54.64,3.369
25720,2.978,2.979,0.000567,102449,54.64,3.371
25740,2.914,2.943,0.000566,102456,54.64,3.374
25760,2.936,2.951,0.000566,102462,54.64,3.377
25780,3.009,2.933,0.000566,102463,54.64,3.379
25800,2.818,2.941,0.000566,102469,54.64,3.382
25820,2.953,2.939,0.000566,102475,54.64,3.384
25840,2.949,2.95,0.000566,102482,54.64,3.387
25860,2.9,2.93,0.000566,102483,54.64,3.39
25880,2.939,2.937,0.000566,102489,54.64,3.392
25900,2.909,2.924,0.000566,102495,54.64,3.395
25920,3.088,2.94,0.000566,102501,54.64,3.398
25940,2.949,2.929,0.000566,102502,54.64,3.4
25960,2.816,2.968,0.000566,102509,54.64,3.403
25980,2.814,2.961,0.000566,102515,54.64,3.405
26000,2.939,2.954,0.000566,102482,54.64,3.408
26020,3.064,2.968,0.000566,102401,54.64,3.411
26040,2.815,2.958,0.000566,102408,54.64,3.413
26060,3.036,2.949,0.000566,102414,54.64,3.416
26080,3.025,2.898,0.000566,102420,54.64,3.418
26100,2.781,2.967,0.000566,102421,54.64,3.421
26120,2.812,2.978,0.000565,102427,54.64,3.424
26140,3.045,2.965,0.000565,102434,54.64,3.426
26160,2.969,2.934,0.000565,102440,54.64,3.429
26180,2.846,2.986,0.000565,102441,54.64,3.432
26200,2.972,2.955,0.000565,102447,54.64,3.434
26220,2.972,3.004,0.000565,102453,54.64,3.437
26240,2.927,2.991,0.000565,102459,54.64,3.439
26260,2.857,2.954,0.000565,102460,54.64,3.442
26280,2.958,2.979,0.000565,102466,54.64,3.445
26300,3.065,2.947,0.000565,102473,54.64,3.447
26320,2.93,2.921,0.000565,102479,54.64,3.45
26340,2.885,2.924,0.000565,102480,54.64,3.453
26360,3.032,2.998,0.000565,102486,54.64,3.455
26380,2.971,2.922,0.000565,102491,54.64,3.458
26400,2.929,2.923,0.000565,102497,54.64,3.46
26420,2.978,2.96,0.000565,102498,54.64,3.463
26440,2.858,2.92,0.000565,102504,54.64,3.466
26460,2.958,2.97,0.000565,102511,54.64,3.468
26480,2.809,2.96,0.000564,102517,54.64,3.471
26500,2.875,2.919,0.000564,102479,54.64,3.474
26520,2.949,2.943,0.000564,102404,54.64,3.476
26540,2.814,2.984,0.000564,102411,54.64,3.479
26560,2.9,2.965,0.000564,102417,54.64,3.481
26580,2.93,2.932,0.000564,102418,54.64,3.484
26600,2.956,2.908,0.000564,102424,54.64,3.487
26620,2.657,2.94,0.000564,102430,54.64,3.489
26640,2.97,2.931,0.000564,102436,54.64,3.492
26660,2.936,2.96,0.000564,102437,54.64,3.495
26680,3.019,2.98,0.000564,102443,54.64,3.497
26700,2.924,2.938,0.000564,102449,54.64,3.5
26720,2.871,2.976,0.000564,102455,54.64,3.502
26740,2.849,2.887,0.000564,102456,54.64,3.505
26760,2.99,2.996,0.000564,102462,54.64,3.508
26780,2.891,2.907,0.000564,102468,54.64,3.51
26800,2.769,2.945,0.000564,102474,54.64,3.513
26820,2.958,2.958,0.000563,102475,54.64,3.515
26840,2.882,2.917,0.000563,102481,54.64,3.518
26860,2.724,2.953,0.000563,102487,54.64,3.521
26880,2.943,2.946,0.000563,102493,54.64,3.523
26900,3.027,2.927,0.000563,102494,54.64,3.526
26920,2.868,2.976,0.000563,102500,54.64,3.529
26940,2.925,2.948,0.000563,102506,54.64,3.531
26960,2.833,2.923,0.000563,102512,54.64,3.534
26980,2.96,2.946,0.000563,102513,54.64,3.536
27000,3.024,2.926,0.000563,102479,54.64,3.539
27020,3.091,2.893,0.000563,102407,54.64,3.542
27040,2.801,2.93,0.000563,102413,54.64,3.544
27060,3.002,2.928,0.000563,102414,54.64,3.547
27080,2.927,2.984,0.000563,102420,54.64,3.55
27100,2.951,2.973,0.000563,102426,54.64,3.552
27120,2.957,2.919,0.000563,102432,54.64,3.555
27140,2.853,2.959,0.000563,102433,54.64,3.557
27160,3.06,2.939,0.000563,102439,54.64,3.56
27180,2.974,2.907,0.000562,102445,54.64,3.563
27200,3.097,2.915,0.000562,102451,54.64,3.565
27220,2.967,2.959,0.000562,102451,54.64,3.568
27240,2.853,2.932,0.000562,102457,54.64,3.571
27260,2.963,2.943,0.000562,102463,54.64,3.573
27280,3.013,2.959,0.000562,102469,54.64,3.576
27300,2.953,2.948,0.000562,102470,54.64,3.578
27320,2.804,2.956,0.000562,102476,54.64,3.581
27340,2.919,2.921,0.000562,102482,54.64,3.584
27360,2.941,2.9,0.000562,102488,54.64,3.586
27380,2.939,2.926,0.000562,102489,54.64,3.589
27400,2.93,2.913,0.000562,102495,54.64,3.592
27420,2.935,2.941,0.000562,102501,54.64,3.594
27440,2.904,3.025,0.000562,102506,54.64,3.597
27460,2.893,2.927,0.000562,102507,54.64,3.599
27480,2.887,2.981,0.000562,102513,54.64,3.602
27500,2.803,2.967,0.000562,102481,54.64,3.605
27520,2.877,2.95,0.000561,102412,54.64,3.607
27540,3.046,2.926,0.000561,102413,54.64,3.61
27560,2.964,2.892,0.000561,102419,54.64,3.612
27580,2.865,2.849,0.000561,102425,54.64,3.615
27600,2.835,2.974,0.000561,102431,54.64,3.618
27620,2.834,2.956,0.000561,102432,54.64,3.62
27640,3.034,2.95,0.000561,102438,54.64,3.623
27660,2.888,2.995,0.000561,102444,54.64,3.626
27680,2.918,2.903,0.000561,102450,54.64,3.628
27700,2.954,2.953,0.000561,102451,54.64,3.631
27720,3.024,2.939,0.000561,102457,54.64,3.633
27740,2.944,2.921,0.000561,102462,54.64,3.636
27760,2.911,2.947,0.000561,102468,54.64,3.639
27780,2.974,2.913,0.000561,102469,54.64,3.641
27800,2.91,2.929,0.000561,102475,54.64,3.644
27820,2.943,2.973,0.000561,102481,54.64,3.647
27840,2.814,2.934,0.000561,102487,54.64,3.649
27860,2.86,2.916,0.000561,102488,54.64,3.652
27880,3.111,2.932,0.00056,102493,54.64,3.654
27900,3.044,2.92,0.00056,102499,54.64,3.657
27920,3.072,2.983,0.00056,102505,54.64,3.66
27940,2.972,2.961,0.00056,102506,54.64,3.662
27960,2.886,2.903,0.00056,102511,54.64,3.665
27980,2.875,2.934,0.00056,102517,54.64,3.668
28000,3.058,2.933,0.00056,102486,54.64,3.67
28020,2.945,2.925,0.00056,102412,54.64,3.673
28040,3.053,2.954,0.00056,102418,54.64,3.675
28060,2.955,2.962,0.00056,102423,54.64,3.678
28080,2.909,2.974,0.00056,102429,54.64,3.681
28100,2.943,2.956,0.00056,102430,54.64,3.683
28120,3.02,2.92,0.00056,102436,54.64,3.686
28140,2.816,2.933,0.00056,102442,54.64,3.688
28160,2.895,2.935,0.00056,102448,54.64,3.691
28180,2.834,2.971,0.00056,102448,54.64,3.694
28200,3.007,2.929,0.00056,102454,54.64,3.696
28220,2.877,2.897,0.000559,102460,54.64,3.699
28240,2.963,2.932,0.000559,102466,54.64,3.702
28260,3.117,2.903,0.000559,102467,54.64,3.704
28280,2.963,2.953,0.000559,102472,54.64,3.707
28300,2.975,2.938,0.000559,102478,54.64,3.709
28320,3.011,2.996,0.000559,102484,54.64,3.712
28340,2.805,2.88,0.000559,102485,54.64,3.715
28360,3.085,2.965,0.000559,102490,54.64,3.717
28380,3.006,2.944,0.000559,102496,54.64,3.72
28400,3.014,2.937,0.000559,102502,54.64,3.723
28420,2.894,2.915,0.000559,102502,54.64,3.725
28440,2.899,2.914,0.000559,102508,54.64,3.728
28460,2.929,2.915,0.000559,102514,54.64,3.73
28480,2.869,2.93,0.000559,102519,54.64,3.733
28500,2.826,2.919,0.000559,102484,54.64,3.736
28520,3.058,2.946,0.000559,102416,54.64,3.738
28540,2.802,2.974,0.000558,102422,54.64,3.741
28560,2.97,2.889,0.000558,102428,54.64,3.744
28580,2.964,2.923,0.000558,102429,54.64,3.746
28600,2.917,2.888,0.000558,102434,54.64,3.749
28620,2.941,2.946,0.000558,102440,54.64,3.751
28640,2.799,2.899,0.000558,102446,54.64,3.754
28660,2.816,2.938,0.000558,102447,54.64,3.757
28680,2.917,2.915,0.000558,102452,54.64,3.759
28700,2.825,2.926,0.000558,102458,54.64,3.762
28720,2.999,2.868,0.000558,102463,54.64,3.765
28740,3.051,2.921,0.000558,102464,54.64,3.767
28760,3.028,2.939,0.000558,102470,54.64,3.77
28780,2.992,2.92,0.000558,102475,54.64,3.772
28800,2.916,2.95,0.000558,102481,54.64,3.775
28820,2.916,2.989,0.000558,102482,54.64,3.778
28840,2.822,3.002,0.000558,102488,54.64,3.78
28860,3.032,2.944,0.000558,102493,54.64,3.783
28880,2.861,2.971,0.000557,102499,54.64,3.785
28900,2.889,2.872,0.000557,102500,54.64,3.788
28920,2.871,2.922,0.000557,102501,54.64,3.791
28940,2.809,2.91,0.000557,102507,54.64,3.793
28960,2.985,3.007,0.000557,102512,54.64,3.796
28980,2.929,2.928,0.000557,102513,54.64,3.799
29000,2.84,2.915,0.000557,102481,54.64,3.801
29020,2.6,2.945,0.000557,102413,54.64,3.804
29040,2.864,2.985,0.000557,102418,54.64,3.806
29060,2.977,2.917,0.000557,102419,54.64,3.809
29080,2.91,2.905,0.000557,102425,54.64,3.812
29100,2.901,2.94,0.000557,102431,54.64,3.814
29120,3.018,2.92,0.000557,102435,54.64,3.817
29140,2.813,2.886,0.000557,102436,54.64,3.82
29160,2.902,2.883,0.000557,102442,54.64,3.822
29180,2.859,2.924,0.000557,102447,54.64,3.825
29200,3.046,2.897,0.000557,102453,54.64,3.827
29220,2.956,2.951,0.000556,102454,54.64,3.83
29240,2.988,2.896,0.000556,102459,54.64,3.833
29260,2.794,2.932,0.000556,102465,54.64,3.835
29280,2.894,2.922,0.000556,102470,54.64,3.838
29300,2.947,2.863,0.000556,102471,54.64,3.841
29320,2.914,2.905,0.000556,102476,54.64,3.843
29340,3.008,2.912,0.000556,102482,54.64,3.846
29360,2.995,2.889,0.000556,102487,54.64,3.848
29380,2.785,2.93,0.000556,102488,54.64,3.851
29400,2.971,2.955,0.000556,102494,54.64,3.854
29420,2.844,2.932,0.000556,102499,54.64,3.856
29440,2.943,2.927,0.000556,102505,54.64,3.859
29460,2.809,2.924,0.000556,102505,54.64,3.862
29480,3.073,2.902,0.000556,102511,54.64,3.864
29500,3.07,2.936,0.000556,102479,54.64,3.867
29520,3.122,2.902,0.000556,102413,54.64,3.869
29540,2.973,2.886,0.000555,102414,54.64,3.872
29560,2.748,2.928,0.000555,102419,54.64,3.875
29580,2.955,2.911,0.000555,102425,54.64,3.877
29600,2.902,2.909,0.000555,102430,54.64,3.88
29620,2.912,2.916,0.000555,102431,54.64,3.882
29640,3.099,2.922,0.000555,102437,54.64,3.885
29660,2.962,2.927,0.000555,102442,54.64,3.888
29680,2.954,2.909,0.000555,102447,54.64,3.89
29700,3.062,2.911,0.000555,102448,54.64,3.893
29720,2.945,2.93,0.000555,102454,54.64,3.896
29740,2.917,2.936,0.000555,102459,54.64,3.898
29760,2.815,2.929,0.000555,102464,54.64,3.901
29780,3.051,2.924,0.000555,102465,54.64,3.903
29800,2.884,2.901,0.000555,102471,54.64,3.906
29820,2.771,2.981,0.000555,102476,54.64,3.909
29840,2.997,2.939,0.000555,102481,54.64,3.911
29860,2.846,2.941,0.000554,102482,54.64,3.914
29880,2.921,2.929,0.000554,102488,54.64,3.917
29900,2.94,2.958,0.000554,102493,54.64,3.919
29920,2.918,2.913,0.000554,102498,54.64,3.922
29940,2.937,2.891,0.000554,102499,54.64,3.924
29960,2.808,2.881,0.000554,102505,54.64,3.927
29980,2.936,2.937,0.000554,102510,54.64,3.93
30000,2.921,2.924,0.000554,102479,54.64,3.932
30020,2.966,2.922,0.000554,102408,54.64,3.935
30040,2.859,2.927,0.000554,102413,54.64,3.938
30060,2.91,2.924,0.000554,102419,54.64,3.94
30080,2.987,2.907,0.000554,102424,54.64,3.943
30100,2.91,2.942,0.000554,102425,54.64,3.945
30120,2.943,2.926,0.000554,102431,54.64,3.948
30140,2.999,2.918,0.000554,102436,54.64,3.951
30160,2.938,2.898,0.000554,102441,54.64,3.953
30180,2.931,2.883,0.000553,102442,54.64,3.956
30200,3.008,2.918,0.000553,102448,54.64,3.959
30220,2.86,2.892,0.000553,102453,54.64,3.961
30240,3.0,2.887,0.000553,102458,54.64,3.964
30260,2.998,2.932,0.000553,102459,54.64,3.966
30280,2.893,2.949,0.000553,102465,54.64,3.969
30300,2.934,2.981,0.000553,102470,54.64,3.972
30320,2.991,2.916,0.000553,102475,54.64,3.974
30340,2.88,2.945,0.000553,102476,54.64,3.977
30360,2.853,2.911,0.000553,102481,54.64,3.979
30380,2.824,2.923,0.000553,102487,54.64,3.982
30400,2.944,2.929,0.000553,102492,54.64,3.985
30420,2.854,2.892,0.000553,102493,54.64,3.987
30440,3.001,2.896,0.000553,102498,54.64,3.99
30460,2.87,2.901,0.000553,102503,54.64,3.993
30480,2.943,2.953,0.000553,102509,54.64,3.995
30500,2.869,2.938,0.000552,102475,54.64,3.998
30520,2.9,2.949,0.000552,102410,54.64,4.0
30540,2.976,2.856,0.000552,102416,54.64,4.003
30560,2.994,2.911,0.000552,102421,54.64,4.006
30580,2.876,2.908,0.000552,102422,54.64,4.008
30600,2.824,2.912,0.000552,102427,54.64,4.011
30620,2.935,2.912,0.000552,102432,54.64,4.014
30640,2.927,2.929,0.000552,102438,54.64,4.016
30660,3.074,2.973,0.000552,102438,54.64,4.019
30680,3.085,2.925,0.000552,102443,54.64,4.021
30700,2.912,2.949,0.000552,102449,54.64,4.024
30720,2.952,2.91,0.000552,102454,54.64,4.027
30740,2.935,2.925,0.000552,102455,54.64,4.029
30760,3.02,2.928,0.000552,102460,54.64,4.032
30780,2.94,2.948,0.000552,102465,54.64,4.035
30800,2.738,2.95,0.000551,102470,54.64,4.037
30820,2.871,2.945,0.000551,102471,54.64,4.04
30840,2.92,2.951,0.000551,102477,54.64,4.042
30860,2.798,2.916,0.000551,102482,54.64,4.045
30880,2.949,2.911,0.000551,102486,54.64,4.048
30900,2.963,2.913,0.000551,102487,54.64,4.05
30920,2.875,2.915,0.000551,102492,54.64,4.053
30940,2.988,2.9,0.000551,102497,54.64,4.055
30960,2.93,2.932,0.000551,102502,54.64,4.058
30980,2.948,2.932,0.000551,102503,54.64,4.061
31000,3.065,2.929,0.000551,102473,54.64,4.063
31020,2.918,2.944,0.000551,102409,54.64,4.066
31040,3.192,2.978,0.000551,102414,54.64,4.069
31060,2.946,2.948,0.000551,102415,54.64,4.071
31080,2.919,2.92,0.000551,102421,54.64,4.074
31100,2.906,2.858,0.000551,102426,54.64,4.076
31120,2.974,2.861,0.00055,102431,54.64,4.079
31140,2.8,2.923,0.00055,102432,54.64,4.082
31160,2.828,2.897,0.00055,102437,54.64,4.084
31180,2.946,2.899,0.00055,102442,54.64,4.087
31200,2.895,2.936,0.00055,102447,54.64,4.09
31220,2.891,2.915,0.00055,102448,54.64,4.092
31240,2.898,2.92,0.00055,102453,54.64,4.095
31260,3.013,2.876,0.00055,102458,54.64,4.097
31280,2.926,2.915,0.00055,102464,54.64,4.1
31300,2.927,2.929,0.00055,102465,54.64,4.103
31320,2.8,2.903,0.00055,102470,54.64,4.105
31340,2.806,2.912,0.00055,102475,54.64,4.108
31360,2.885,2.95,0.00055,102480,54.64,4.111
31380,2.845,2.94,0.00055,102481,54.64,4.113
31400,2.922,2.952,0.00055,102486,54.64,4.116
31420,3.017,2.93,0.000549,102491,54.64,4.118
31440,2.851,2.936,0.000549,102496,54.64,4.121
31460,2.825,2.893,0.000549,102496,54.64,4.124
31480,2.821,2.932,0.000549,102502,54.64,4.126
31500,2.86,2.965,0.000549,102473,54.64,4.129
31520,2.964,2.858,0.000549,102411,54.64,4.132
31540,2.943,2.894,0.000549,102412,54.64,4.134
31560,2.855,2.873,0.000549,102417,54.64,4.137
31580,2.926,2.912,0.000549,102422,54.64,4.139
31600,2.981,2.893,0.000549,102428,54.64,4.142
31620,3.001,2.949,0.000549,102428,54.64,4.145
31640,2.914,2.904,0.000549,102434,54.64,4.147
31660,2.941,2.916,0.000549,102439,54.64,4.15
31680,2.912,2.904,0.000549,102444,54.64,4.152
31700,2.933,2.885,0.000549,102445,54.64,4.155
31720,2.847,2.902,0.000548,102450,54.64,4.158
31740,2.936,2.852,0.000548,102455,54.64,4.16
31760,2.732,2.918,0.000548,102460,54.64,4.163
31780,2.896,2.924,0.000548,102461,54.64,4.166
31800,2.855,2.907,0.000548,102466,54.64,4.168
31820,2.619,2.939,0.000548,102471,54.64,4.171
31840,2.829,2.923,0.000548,102476,54.64,4.173
31860,2.851,2.977,0.000548,102477,54.64,4.176
31880,2.924,2.999,0.000548,102482,54.64,4.179
31900,2.997,2.902,0.000548,102487,54.64,4.181
31920,2.876,2.951,0.000548,102492,54.64,4.184
31940,2.843,2.938,0.000548,102493,54.64,4.187
31960,2.868,2.981,0.000548,102498,54.64,4.189
31980,3.015,2.889,0.000548,102503,54.64,4.192
32000,2.929,2.916,0.000548,102475,54.64,4.194
32020,2.81,2.929,0.000548,102409,54.64,4.197
32040,3.061,2.89,0.000547,102414,54.64,4.2
32060,2.93,2.949,0.000547,102419,54.64,4.202
32080,3.023,2.922,0.000547,102424,54.64,4.205
32100,2.915,2.938,0.000547,102425,54.64,4.208
32120,2.874,2.984,0.000547,102430,54.64,4.21
32140,2.901,2.908,0.000547,102435,54.64,4.213
32160,2.827,2.889,0.000547,102440,54.64,4.215
32180,2.798,2.929,0.000547,102441,54.64,4.218
32200,2.923,2.9,0.000547,102446,54.64,4.221
32220,3.009,2.916,0.000547,102451,54.64,4.223
32240,2.831,2.908,0.000547,102456,54.64,4.226
32260,2.962,2.952,0.000547,102457,54.64,4.229
32280,3.095,2.902,0.000547,102462,54.64,4.231
32300,3.104,2.919,0.000547,102467,54.64,4.234
32320,2.91,2.913,0.000546,102472,54.64,4.236
32340,2.942,2.919,0.000546,102472,54.64,4.239
32360,2.869,2.926,0.000546,102477,54.64,4.242
32380,2.876,2.955,0.000546,102482,54.64,4.244
32400,2.821,2.904,0.000546,102487,54.64,4.247
32420,2.94,2.894,0.000546,102488,54.64,4.249
32440,3.013,2.901,0.000546,102493,54.64,4.252
32460,2.967,2.931,0.000546,102498,54.64,4.255
32480,2.872,2.915,0.000546,102503,54.64,4.257
32500,2.76,2.892,0.000546,102471,54.64,4.26
32520,2.923,2.914,0.000546,102411,54.64,4.263
32540,2.985,2.953,0.000546,102416,54.64,4.265
32560,2.917,2.962,0.000546,102421,54.64,4.268
32580,2.961,2.906,0.000546,102422,54.64,4.27
32600,2.977,2.949,0.000546,102427,54.64,4.273
32620,3.005,2.94,0.000545,102432,54.64,4.276
32640,2.864,2.956,0.000545,102437,54.64,4.278
32660,2.768,2.939,0.000545,102438,54.64,4.281
32680,2.929,2.905,0.000545,102442,54.64,4.284
32700,2.789,2.941,0.000545,102447,54.64,4.286
32720,2.827,2.961,0.000545,102452,54.64,4.289
32740,2.916,2.916,0.000545,102453,54.64,4.291
32760,2.78,2.964,0.000545,102458,54.64,4.294
32780,2.935,2.887,0.000545,102463,54.64,4.297
32800,3.001,2.892,0.000545,102468,54.64,4.299
32820,2.911,2.901,0.000545,102469,54.64,4.302
32840,2.928,2.977,0.000545,102474,54.64,4.305
32860,2.968,2.981,0.000545,102479,54.64,4.307
32880,3.0,2.866,0.000545,102484,54.64,4.31
32900,2.981,2.906,0.000545,102484,54.64,4.312
32920,2.874,2.869,0.000544,102489,54.64,4.315
32940,3.029,2.928,0.000544,102494,54.64,4.318
32960,2.93,2.922,0.000544,102499,54.64,4.32
32980,2.81,2.899,0.000544,102500,54.64,4.323
33000,3.003,2.95,0.000544,102472,54.64,4.326
33020,2.915,2.93,0.000544,102412,54.64,4.328
33040,3.188,2.891,0.000544,102417,54.64,4.331
33060,2.936,2.954,0.000544,102418,54.64,4.333
33080,2.795,2.919,0.000544,102423,54.64,4.336
33100,2.888,2.884,0.000544,102428,54.64,4.339
33120,2.818,2.878,0.000544,102433,54.64,4.341
33140,2.948,2.898,0.000544,102433,54.64,4.344
33160,2.906,2.931,0.000544,102438,54.64,4.346
33180,2.852,2.888,0.000544,102443,54.64,4.349
33200,2.939,2.916,0.000544,102448,54.64,4.352
33220,2.958,2.891,0.000543,102449,54.64,4.354
33240,2.716,2.953,0.000543,102453,54.64,4.357
33260,2.896,2.937,0.000543,102458,54.64,4.36
33280,3.021,2.908,0.000543,102463,54.64,4.362
33300,2.749,2.964,0.000543,102464,54.64,4.365
33320,2.944,2.895,0.000543,102469,54.64,4.367
33340,2.921,2.877,0.000543,102474,54.64,4.37
33360,3.015,2.895,0.000543,102478,54.64,4.373
33380,2.869,2.92,0.000543,102479,54.64,4.375
33400,2.772,2.94,0.000543,102484,54.64,4.378
33420,2.985,2.929,0.000543,102489,54.64,4.381
33440,2.694,2.896,0.000543,102493,54.64,4.383
33460,2.915,2.943,0.000543,102494,54.64,4.386
33480,3.087,2.909,0.000543,102499,54.64,4.388
33500,2.965,2.957,0.000542,102471,54.64,4.391
33520,2.896,2.915,0.000542,102412,54.64,4.394
33540,3.031,2.943,0.000542,102413,54.64,4.396
33560,2.834,2.913,0.000542,102418,54.64,4.399
33580,2.992,2.926,0.000542,102422,54.64,4.402
33600,2.87,2.95,0.000542,102427,54.64,4.404
33620,2.896,2.9,0.000542,102428,54.64,4.407
33640,2.948,2.937,0.000542,102433,54.64,4.409
33660,2.862,2.927,0.000542,102438,54.64,4.412
33680,2.914,2.915,0.000542,102443,54.64,4.415
33700,2.862,2.861,0.000542,102443,54.64,4.417
33720,2.816,2.93,0.000542,102448,54.64,4.42
33740,2.855,2.903,0.000542,102453,54.64,4.423
33760,2.911,2.896,0.000542,102458,54.64,4.425
33780,2.831,2.893,0.000542,102459,54.64,4.428
33800,2.995,2.938,0.000541,102463,54.64,4.43
33820,2.937,2.895,0.000541,102468,54.64,4.433
33840,2.89,2.89,0.000541,102473,54.64,4.436
33860,2.778,2.926,0.000541,102474,54.64,4.438
33880,2.965,2.951,0.000541,102479,54.64,4.441
33900,2.97,2.905,0.000541,102484,54.64,4.443
33920,2.877,2.879,0.000541,102488,54.64,4.446
33940,2.922,2.957,0.000541,102489,54.64,4.449
33960,2.923,2.871,0.000541,102494,54.64,4.451
33980,2.918,2.876,0.000541,102499,54.64,4.454
34000,2.932,2.889,0.000541,102471,54.64,4.457
34020,2.899,2.927,0.000541,102408,54.64,4.459
34040,2.912,2.919,0.000541,102413,54.64,4.462
34060,2.833,2.941,0.000541,102418,54.64,4.464
34080,2.904,2.877,0.00054,102423,54.64,4.467
34100,2.992,2.91,0.00054,102424,54.64,4.47
34120,3.01,2.926,0.00054,102428,54.64,4.472
34140,2.794,2.907,0.00054,102433,54.64,4.475
34160,3.041,2.927,0.00054,102438,54.64,4.478
34180,2.923,2.87,0.00054,102439,54.64,4.48
34200,2.964,2.876,0.00054,102444,54.64,4.483
34220,2.785,2.866,0.00054,102448,54.64,4.485
34240,2.856,2.939,0.00054,102453,54.64,4.488
34260,2.852,2.909,0.00054,102454,54.64,4.491
34280,3.031,2.871,0.00054,102459,54.64,4.493
34300,2.871,2.902,0.00054,102463,54.64,4.496
34320,2.892,2.899,0.00054,102468,54.64,4.499
34340,2.865,2.931,0.00054,102469,54.64,4.501
34360,2.839,2.862,0.000539,102473,54.64,4.504
34380,2.937,2.923,0.000539,102478,54.64,4.506
34400,3.009,2.922,0.000539,102483,54.64,4.509
34420,3.025,2.91,0.000539,102484,54.64,4.512
34440,2.958,2.924,0.000539,102488,54.64,4.514
34460,2.927,2.892,0.000539,102493,54.64,4.517
34480,2.881,2.922,0.000539,102498,54.64,4.519
34500,2.91,2.896,0.000539,102468,54.64,4.522
34520,2.968,2.919,0.000539,102410,54.64,4.525
34540,2.815,2.929,0.000539,102415,54.64,4.527
34560,2.91,2.899,0.000539,102420,54.64,4.53
34580,3.023,2.934,0.000539,102421,54.64,4.533
34600,2.908,2.93,0.000539,102426,54.64,4.535
34620,3.037,2.893,0.000539,102430,54.64,4.538
34640,3.059,2.92,0.000538,102435,54.64,4.54
34660,2.933,2.93,0.000538,102436,54.64,4.543
34680,2.884,2.875,0.000538,102440,54.64,4.546
34700,2.923,2.886,0.000538,102445,54.64,4.548
34720,2.74,2.933,0.000538,102450,54.64,4.551
34740,2.932,2.889,0.000538,102450,54.64,4.554
34760,2.71,2.907,0.000538,102455,54.64,4.556
34780,2.842,2.876,0.000538,102460,54.64,4.559
34800,2.844,2.864,0.000538,102464,54.64,4.561
34820,2.8,2.899,0.000538,102465,54.64,4.564
34840,2.841,2.917,0.000538,102469,54.64,4.567
34860,2.924,2.906,0.000538,102474,54.64,4.569
34880,2.981,2.91,0.000538,102479,54.64,4.572
34900,2.956,2.944,0.000538,102479,54.64,4.575
34920,2.827,2.89,0.000537,102484,54.64,4.577
34940,2.983,2.928,0.000537,102489,54.64,4.58
34960,2.92,2.92,0.000537,102493,54.64,4.582
34980,2.975,2.918,0.000537,102494,54.64,4.585
35000,2.81,2.91,0.000537,102470,54.64,4.588
35020,3.0,2.944,0.000537,102414,54.64,4.59
35040,2.882,2.898,0.000537,102419,54.64,4.593
35060,3.033,2.897,0.000537,102420,54.64,4.596
35080,2.749,2.895,0.000537,102424,54.64,4.598
35100,2.932,2.928,0.000537,102429,54.64,4.601
35120,2.835,2.866,0.000537,102434,54.64,4.603
35140,2.816,2.923,0.000537,102434,54.64,4.606
35160,2.829,2.918,0.000537,102439,54.64,4.609
35180,2.869,2.9,0.000537,102444,54.64,4.611
35200,2.87,2.853,0.000536,102448,54.64,4.614
35220,2.793,2.897,0.000536,102449,54.64,4.616
35240,3.017,2.894,0.000536,102454,54.64,4.619
35260,3.037,2.938,0.000536,102458,54.64,4.622
35280,2.776,2.882,0.000536,102463,54.64,4.624
35300,2.822,2.877,0.000536,102464,54.64,4.627
35320,2.86,2.887,0.000536,102468,54.64,4.63
35340,2.827,2.954,0.000536,102473,54.64,4.632
35360,3.028,2.872,0.000536,102477,54.64,4.635
35380,2.846,2.879,0.000536,102478,54.64,4.637
35400,2.913,2.857,0.000536,102483,54.64,4.64
35420,2.904,2.835,0.000536,102487,54.64,4.643
35440,2.81,2.871,0.000536,102492,54.64,4.645
35460,2.87,2.934,0.000536,102492,54.64,4.648
35480,2.84,2.922,0.000535,102497,54.64,4.651
35500,2.923,2.897,0.000535,102471,54.64,4.653
35520,2.938,2.907,0.000535,102414,54.64,4.656
35540,2.856,2.95,0.000535,102415,54.64,4.658
35560,2.827,2.898,0.000535,102420,54.64,4.661
35580,2.927,2.953,0.000535,102424,54.64,4.664
35600,2.951,2.887,0.000535,102429,54.64,4.666
35620,2.968,2.885,0.000535,102430,54.64,4.669
35640,2.791,2.888,0.000535,102434,54.64,4.672
35660,2.757,2.895,0.000535,102439,54.64,4.674
35680,3.017,2.885,0.000535,102443,54.64,4.677
35700,2.932,2.885,0.000535,102444,54.64,4.679
35720,2.882,2.895,0.000535,102448,54.64,4.682
35740,2.795,2.889,0.000534,102453,54.64,4.685
35760,2.808,2.849,0.000534,102458,54.64,4.687
35780,2.91,2.929,0.000534,102458,54.64,4.69
35800,2.98,2.897,0.000534,102463,54.64,4.693
35820,2.821,2.886,0.000534,102467,54.64,4.695
35840,2.828,2.942,0.000534,102472,54.64,4.698
35860,2.96,2.885,0.000534,102473,54.64,4.7
35880,2.862,2.905,0.000534,102477,54.64,4.703
35900,3.034,2.917,0.000534,102482,54.64,4.706
35920,2.782,2.928,0.000534,102486,54.64,4.708
35940,2.849,2.929,0.000534,102487,54.64,4.711
35960,2.879,2.922,0.000534,102492,54.64,4.713
35980,3.006,2.904,0.000534,102496,54.64,4.716
36000,2.908,2.919,0.000534,102471,54.64,4.719
36020,2.988,2.909,0.000533,102411,54.64,4.721
36040,3.018,2.914,0.000533,102416,54.64,4.724
36060,2.972,2.895,0.000533,102420,54.64,4.727
36080,2.816,2.888,0.000533,102425,54.64,4.729
36100,2.931,2.868,0.000533,102426,54.64,4.732
36120,2.925,2.907,0.000533,102430,54.64,4.734
36140,2.905,2.874,0.000533,102435,54.64,4.737
36160,2.85,2.849,0.000533,102439,54.64,4.74
36180,2.844,2.91,0.000533,102440,54.64,4.742
36200,2.811,2.877,0.000533,102445,54.64,4.745
36220,2.908,2.928,0.000533,102449,54.64,4.748
36240,2.904,2.916,0.000533,102454,54.64,4.75
36260,2.918,2.867,0.000533,102454,54.64,4.753
36280,2.932,2.849,0.000532,102459,54.64,4.755
36300,2.89,2.932,0.000532,102463,54.64,4.758
36320,2.914,2.873,0.000532,102468,54.64,4.761
36340,2.948,2.943,0.000532,102469,54.64,4.763
36360,2.944,2.915,0.000532,102473,54.64,4.766
36380,2.985,2.896,0.000532,102477,54.64,4.769
36400,2.877,2.839,0.000532,102482,54.64,4.771
36420,2.906,2.918,0.000532,102483,54.64,4.774
36440,2.952,2.937,0.000532,102487,54.64,4.776
36460,2.883,2.86,0.000532,102491,54.64,4.779
36480,3.101,2.901,0.000532,102496,54.64,4.782
36500,2.778,2.953,0.000532,102466,54.64,4.784
36520,2.903,2.9,0.000532,102412,54.64,4.787
36540,3.087,2.945,0.000532,102416,54.64,4.79
36560,2.893,2.915,0.000531,102421,54.64,4.792
36580,2.93,2.883,0.000531,102422,54.64,4.795
36600,2.91,2.929,0.000531,102426,54.64,4.797
36620,2.8,2.94,0.000531,102431,54.64,4.8
36640,2.997,2.934,0.000531,102435,54.64,4.803
36660,2.932,2.895,0.000531,102436,54.64,4.805
36680,2.713,2.916,0.000531,102440,54.64,4.808
36700,2.835,2.911,0.000531,102445,54.64,4.81
36720,3.012,2.891,0.000531,102449,54.64,4.813
36740,2.915,2.963,0.000531,102450,54.64,4.816
36760,2.821,2.936,0.000531,102454,54.64,4.818
36780,2.921,2.904,0.000531,102459,54.64,4.821
36800,2.81,2.896,0.000531,102463,54.64,4.824
36820,2.94,2.87,0.00053,102464,54.64,4.826
36840,2.899,2.87,0.00053,102468,54.64,4.829
36860,2.865,2.93,0.00053,102473,54.64,4.831
36880,2.83,2.913,0.00053,102477,54.64,4.834
36900,2.896,2.937,0.00053,102478,54.64,4.837
36920,2.831,2.889,0.00053,102482,54.64,4.839
36940,2.937,2.948,0.00053,102486,54.64,4.842
36960,2.987,2.907,0.00053,102491,54.64,4.845
36980,2.781,2.885,0.00053,102491,54.64,4.847
37000,2.978,2.891,0.00053,102467,54.64,4.85
37020,2.94,2.916,0.00053,102414,54.64,4.852
37040,3.058,2.899,0.00053,102418,54.64,4.855
37060,2.91,2.924,0.00053,102419,54.64,4.858
37080,2.821,2.87,0.000529,102424,54.64,4.86
37100,2.907,2.862,0.000529,102428,54.64,4.863
37120,2.951,2.902,0.000529,102432,54.64,4.866
37140,2.912,2.94,0.000529,102433,54.64,4.868
37160,2.898,2.864,0.000529,102437,54.64,4.871
37180,2.844,2.924,0.000529,102442,54.64,4.873
37200,2.964,2.912,0.000529,102446,54.64,4.876
37220,2.996,2.895,0.000529,102447,54.64,4.879
37240,2.82,2.919,0.000529,102451,54.64,4.881
37260,2.963,2.94,0.000529,102456,54.64,4.884
37280,3.017,2.862,0.000529,102460,54.64,4.886
37300,2.959,2.894,0.000529,102461,54.64,4.889
37320,2.851,2.893,0.000529,102465,54.64,4.892
37340,2.684,2.841,0.000529,102469,54.64,4.894
37360,2.878,2.919,0.000528,102474,54.64,4.897
37380,2.945,2.87,0.000528,102474,54.64,4.9
37400,2.94,2.916,0.000528,102478,54.64,4.902
37420,2.822,2.925,0.000528,102483,54.64,4.905
37440,2.871,2.888,0.000528,102487,54.64,4.907
37460,2.939,2.897,0.000528,102488,54.64,4.91
37480,2.996,2.887,0.000528,102492,54.64,4.913
37500,2.941,2.911,0.000528,102467,54.64,4.915
37520,2.87,2.946,0.000528,102412,54.64,4.918
37540,2.758,2.871,0.000528,102413,54.64,4.921
37560,3.029,2.895,0.000528,102417,54.64,4.923
37580,3.004,2.902,0.000528,102422,54.64,4.926
37600,3.044,2.907,0.000528,102426,54.64,4.928
37620,2.85,2.907,0.000527,102427,54.64,4.931
37640,2.955,2.918,0.000527,102430,54.64,4.934
37660,2.917,2.892,0.000527,102435,54.64,4.936
37680,2.818,2.867,0.000527,102439,54.64,4.939
37700,2.965,2.883,0.000527,102440,54.64,4.942
37720,2.945,2.872,0.000527,102444,54.64,4.944
37740,3.101,2.902,0.000527,102449,54.64,4.947
37760,2.985,2.847,0.000527,102453,54.64,4.949
37780,2.949,2.95,0.000527,102454,54.64,4.952
37800,2.929,2.908,0.000527,102458,54.64,4.955
37820,2.943,2.889,0.000527,102462,54.64,4.957
37840,2.809,2.86,0.000527,102466,54.64,4.96
37860,2.907,2.907,0.000527,102467,54.64,4.963
37880,2.803,2.907,0.000526,102471,54.64,4.965
37900,2.868,2.887,0.000526,102475,54.64,4.968
37920,2.889,2.869,0.000526,102480,54.64,4.97
37940,2.966,2.913,0.000526,102481,54.64,4.973
37960,2.875,2.878,0.000526,102485,54.64,4.976
37980,3.018,2.87,0.000526,102489,54.64,4.978
38000,2.84,2.9,0.000526,102465,54.64,4.981
38020,2.796,2.926,0.000526,102408,54.64,4.983
38040,2.876,2.853,0.000526,102412,54.64,4.986
38060,3.035,2.901,0.000526,102417,54.64,4.989
38080,2.919,2.899,0.000526,102421,54.64,4.991
38100,2.896,2.869,0.000526,102422,54.64,4.994
38120,2.623,2.915,0.000526,102426,54.64,4.997
38140,3.043,2.898,0.000525,102430,54.64,4.999
38160,2.797,2.863,0.000525,102434,54.64,5.002
38180,2.964,2.849,0.000525,102435,54.64,5.004
38200,2.808,2.942,0.000525,102439,54.64,5.007
38220,2.974,2.909,0.000525,102443,54.64,5.01
38240,2.81,2.897,0.000525,102447,54.64,5.012
38260,2.92,2.924,0.000525,102448,54.64,5.015
38280,2.945,2.868,0.000525,102452,54.64,5.018
38300,2.728,2.875,0.000525,102457,54.64,5.02
38320,2.969,2.929,0.000525,102461,54.64,5.023
38340,2.878,2.91,0.000525,102462,54.64,5.025
38360,3.016,2.874,0.000525,102466,54.64,5.028
38380,2.981,2.914,0.000525,102470,54.64,5.031
38400,2.92,2.918,0.000524,102474,54.64,5.033
38420,2.941,2.931,0.000524,102475,54.64,5.036
38440,2.809,2.873,0.000524,102479,54.64,5.039
38460,2.915,2.873,0.000524,102483,54.64,5.041
38480,2.779,2.904,0.000524,102488,54.64,5.044
38500,2.954,2.853,0.000524,102460,54.64,5.046
38520,2.856,2.92,0.000524,102409,54.64,5.049
38540,2.903,2.862,0.000524,102413,54.64,5.052
38560,2.908,2.859,0.000524,102418,54.64,5.054
38580,2.869,2.883,0.000524,102418,54.64,5.057
38600,2.961,2.923,0.000524,102423,54.64,5.06
38620,3.0,2.883,0.000524,102427,54.64,5.062
38640,2.79,2.908,0.000523,102431,54.64,5.065
38660,2.869,2.928,0.000523,102432,54.64,5.067
38680,2.852,2.906,0.000523,102436,54.64,5.07
38700,2.858,2.87,0.000523,102440,54.64,5.073
38720,2.927,2.881,0.000523,102444,54.64,5.075
38740,2.87,2.908,0.000523,102445,54.64,5.078
38760,2.877,2.909,0.000523,102449,54.64,5.08
38780,2.883,2.886,0.000523,102453,54.64,5.083
38800,2.923,2.876,0.000523,102457,54.64,5.086
38820,2.909,2.93,0.000523,102458,54.64,5.088
38840,2.772,2.934,0.000523,102462,54.64,5.091
38860,2.793,2.905,0.000523,102467,54.64,5.094
38880,2.884,2.892,0.000523,102471,54.64,5.096
38900,2.848,2.901,0.000522,102471,54.64,5.099
38920,2.948,2.921,0.000522,102476,54.64,5.101
38940,2.808,2.874,0.000522,102480,54.64,5.104
38960,2.91,2.904,0.000522,102484,54.64,5.107
38980,3.002,2.91,0.000522,102485,54.64,5.109
39000,2.919,2.853,0.000522,102461,54.64,5.112
39020,3.031,2.861,0.000522,102410,54.64,5.115
39040,2.98,2.884,0.000522,102414,54.64,5.117
39060,2.899,2.909,0.000522,102415,54.64,5.12
39080,2.866,2.932,0.000522,102419,54.64,5.122
39100,3.039,2.923,0.000522,102423,54.64,5.125
39120,3.118,2.93,0.000522,102427,54.64,5.128
39140,2.881,2.847,0.000522,102428,54.64,5.13
39160,2.914,2.907,0.000521,102432,54.64,5.133
39180,2.913,2.873,0.000521,102436,54.64,5.136
39200,2.885,2.848,0.000521,102440,54.64,5.138
39220,3.046,2.81,0.000521,102441,54.64,5.141
39240,2.957,2.916,0.000521,102445,54.64,5.143
39260,2.771,2.928,0.000521,102449,54.64,5.146
39280,2.921,2.892,0.000521,102453,54.64,5.149
39300,2.885,2.859,0.000521,102454,54.64,5.151
39320,2.96,2.873,0.000521,102458,54.64,5.154
39340,2.974,2.908,0.000521,102462,54.64,5.157
39360,2.774,2.814,0.000521,102466,54.64,5.159
39380,2.939,2.856,0.000521,102467,54.64,5.162
39400,2.847,2.866,0.00052,102471,54.64,5.164
39420,2.776,2.879,0.00052,102475,54.64,5.167
39440,2.887,2.89,0.00052,102479,54.64,5.17
39460,2.884,2.895,0.00052,102480,54.64,5.172
39480,2.826,2.888,0.00052,102484,54.64,5.175
39500,2.882,2.926,0.00052,102460,54.64,5.177
39520,3.024,2.898,0.00052,102410,54.64,5.18
39540,3.012,2.909,0.00052,102411,54.64,5.183
39560,2.896,2.887,0.00052,102415,54.64,5.185
39580,2.793,2.888,0.00052,102419,54.64,5.188
39600,2.924,2.887,0.00052,102423,54.64,5.191
39620,2.786,2.85,0.00052,102424,54.64,5.193
39640,2.964,2.867,0.00052,102428,54.64,5.196
39660,2.953,2.922,0.000519,102432,54.64,5.198
39680,2.957,2.905,0.000519,102436,54.64,5.201
39700,2.893,2.841,0.000519,102437,54.64,5.204
39720,2.844,2.849,0.000519,102441,54.64,5.206
39740,2.756,2.918,0.000519,102445,54.64,5.209
39760,2.837,2.888,0.000519,102449,54.64,5.212
39780,2.774,2.867,0.000519,102450,54.64,5.214
39800,2.789,2.885,0.000519,102454,54.64,5.217
39820,2.971,2.842,0.000519,102458,54.64,5.219
39840,2.891,2.87,0.000519,102462,54.64,5.222
39860,2.905,2.898,0.000519,102463,54.64,5.225
39880,2.803,2.901,0.000519,102467,54.64,5.227
39900,2.994,2.873,0.000518,102470,54.64,5.23
39920,2.92,2.92,0.000518,102474,54.64,5.233
39940,3.031,2.879,0.000518,102475,54.64,5.235
39960,2.807,2.896,0.000518,102479,54.64,5.238
39980,2.821,2.876,0.000518,102483,54.64,5.24
40000,2.841,2.931,0.000518,102460,54.64,5.243
40020,2.869,2.895,0.000518,102406,54.64,5.246
40040,2.738,2.888,0.000518,102410,54.64,5.248
40060,2.957,2.897,0.000518,102414,54.64,5.251
40080,2.884,2.89,0.000518,102418,54.64,5.253
40100,2.868,2.868,0.000518,102419,54.64,5.256
40120,2.868,2.893,0.000518,102423,54.64,5.259
40140,2.752,2.912,0.000518,102427,54.64,5.261
40160,2.902,2.902,0.000517,102431,54.64,5.264
40180,2.955,2.886,0.000517,102431,54.64,5.267
40200,2.901,2.91,0.000517,102435,54.64,5.269
40220,2.871,2.869,0.000517,102439,54.64,5.272
40240,2.894,2.84,0.000517,102444,54.64,5.274
40260,2.983,2.894,0.000517,102444,54.64,5.277
40280,2.802,2.888,0.000517,102448,54.64,5.28
40300,2.925,2.887,0.000517,102452,54.64,5.282
40320,3.026,2.888,0.000517,102456,54.64,5.285
40340,2.961,2.88,0.000517,102457,54.64,5.288
40360,2.823,2.943,0.000517,102461,54.64,5.29
40380,2.661,2.917,0.000517,102465,54.64,5.293
40400,2.98,2.879,0.000516,102469,54.64,5.295
40420,2.954,2.891,0.000516,102469,54.64,5.298
40440,2.855,2.885,0.000516,102474,54.64,5.301
40460,2.881,2.88,0.000516,102477,54.64,5.303
40480,2.91,2.936,0.000516,102481,54.64,5.306
40500,2.905,2.891,0.000516,102456,54.64,5.309
40520,2.829,2.807,0.000516,102407,54.64,5.311
40540,2.956,2.928,0.000516,102411,54.64,5.314
40560,2.854,2.841,0.000516,102415,54.64,5.316
40580,2.914,2.847,0.000516,102416,54.64,5.319
40600,2.974,2.9,0.000516,102420,54.64,5.322
40620,2.879,2.843,0.000516,102424,54.64,5.324
40640,2.946,2.861,0.000515,102428,54.64,5.327
40660,2.926,2.883,0.000515,102428,54.64,5.33
40680,2.944,2.9,0.000515,102432,54.64,5.332
40700,2.88,2.914,0.000515,102436,54.64,5.335
40720,2.94,2.879,0.000515,102440,54.64,5.337
40740,3.029,2.891,0.000515,102441,54.64,5.34
40760,2.944,2.91,0.000515,102444,54.64,5.343
40780,2.737,2.88,0.000515,102449,54.64,5.345
40800,2.934,2.884,0.000515,102452,54.64,5.348
40820,3.008,2.865,0.000515,102453,54.64,5.35
40840,2.853,2.916,0.000515,102457,54.64,5.353
40860,2.953,2.88,0.000515,102461,54.64,5.356
40880,2.789,2.919,0.000515,102465,54.64,5.358
40900,2.844,2.874,0.000514,102465,54.64,5.361
40920,2.902,2.893,0.000514,102469,54.64,5.364
40940,2.878,2.884,0.000514,102473,54.64,5.366
40960,2.864,2.849,0.000514,102477,54.64,5.369
40980,2.894,2.889,0.000514,102478,54.64,5.371
41000,2.96,2.858,0.000514,102456,54.64,5.374
41020,2.875,2.873,0.000514,102408,54.64,5.377
41040,2.901,2.903,0.000514,102412,54.64,5.379
41060,2.927,2.877,0.000514,102413,54.64,5.382
41080,2.914,2.864,0.000514,102417,54.64,5.385
41100,2.874,2.903,0.000514,102421,54.64,5.387
41120,2.899,2.86,0.000514,102425,54.64,5.39
41140,2.672,2.874,0.000513,102425,54.64,5.392
41160,2.916,2.868,0.000513,102429,54.64,5.395
41180,2.904,2.904,0.000513,102433,54.64,5.398
41200,2.795,2.938,0.000513,102437,54.64,5.4
41220,2.916,2.839,0.000513,102438,54.64,5.403
41240,2.756,2.914,0.000513,102442,54.64,5.406
41260,2.791,2.886,0.000513,102445,54.64,5.408
41280,2.937,2.894,0.000513,102449,54.64,5.411
41300,2.876,2.908,0.000513,102450,54.64,5.413
41320,2.753,2.857,0.000513,102454,54.64,5.416
41340,2.715,2.863,0.000513,102458,54.64,5.419
41360,2.841,2.883,0.000513,102462,54.64,5.421
41380,2.864,2.889,0.000512,102462,54.64,5.424
41400,2.838,2.907,0.000512,102466,54.64,5.427
41420,2.845,2.875,0.000512,102470,54.64,5.429
41440,2.902,2.906,0.000512,102474,54.64,5.432
41460,2.875,2.878,0.000512,102475,54.64,5.434
41480,2.853,2.86,0.000512,102479,54.64,5.437
41500,2.772,2.903,0.000512,102457,54.64,5.44
41520,2.99,2.874,0.000512,102409,54.64,5.442
41540,3.076,2.864,0.000512,102409,54.64,5.445
41560,2.913,2.906,0.000512,102413,54.64,5.447
41580,2.901,2.92,0.000512,102417,54.64,5.45
41600,3.079,2.854,0.000512,102421,54.64,5.453
41620,2.789,2.871,0.000511,102422,54.64,5.455
41640,2.977,2.843,0.000511,102426,54.64,5.458
41660,2.886,2.84,0.000511,102430,54.64,5.461
41680,2.853,2.843,0.000511,102434,54.64,5.463
41700,2.845,2.935,0.000511,102434,54.64,5.466
41720,3.02,2.842,0.000511,102438,54.64,5.468
41740,2.818,2.888,0.000511,102442,54.64,5.471
41760,2.881,2.878,0.000511,102446,54.64,5.474
41780,3.028,2.861,0.000511,102447,54.64,5.476
41800,2.818,2.852,0.000511,102451,54.64,5.479
41820,2.792,2.882,0.000511,102454,54.64,5.482
41840,2.925,2.917,0.000511,102458,54.64,5.484
41860,3.055,2.871,0.00051,102459,54.64,5.487
41880,2.857,2.884,0.00051,102463,54.64,5.489
41900,2.86,2.888,0.00051,102467,54.64,5.492
41920,2.769,2.895,0.00051,102471,54.64,5.495
41940,2.856,2.848,0.00051,102471,54.64,5.497
41960,2.91,2.889,0.00051,102475,54.64,5.5
41980,2.941,2.834,0.00051,102479,54.64,5.503
42000,2.959,2.853,0.00051,102457,54.64,5.505
42020,2.857,2.907,0.00051,102407,54.64,5.508
42040,2.973,2.873,0.00051,102411,54.64,5.51
42060,2.895,2.889,0.00051,102415,54.64,5.513
42080,2.909,2.862,0.00051,102419,54.64,5.516
42100,2.764,2.862,0.000509,102419,54.64,5.518
42120,2.9,2.886,0.000509,102423,54.64,5.521
42140,2.884,2.884,0.000509,102427,54.64,5.524
42160,2.784,2.848,0.000509,102431,54.64,5.526
42180,2.769,2.877,0.000509,102432,54.64,5.529
42200,2.825,2.89,0.000509,102435,54.64,5.531
42220,2.948,2.894,0.000509,102439,54.64,5.534
42240,2.9,2.922,0.000509,102443,54.64,5.537
42260,3.018,2.901,0.000509,102444,54.64,5.539
42280,2.698,2.865,0.000509,102448,54.64,5.542
42300,2.985,2.881,0.000509,102451,54.64,5.544
42320,2.923,2.897,0.000509,102455,54.64,5.547
42340,2.954,2.864,0.000508,102456,54.64,5.55
42360,2.909,2.849,0.000508,102460,54.64,5.552
42380,2.983,2.86,0.000508,102464,54.64,5.555
42400,2.995,2.911,0.000508,102467,54.64,5.558
42420,2.885,2.881,0.000508,102468,54.64,5.56
42440,2.805,2.895,0.000508,102472,54.64,5.563
42460,2.908,2.869,0.000508,102475,54.64,5.565
42480,2.921,2.871,0.000508,102479,54.64,5.568
42500,2.892,2.834,0.000508,102453,54.64,5.571
42520,2.7,2.94,0.000508,102408,54.64,5.573
42540,2.852,2.893,0.000508,102411,54.64,5.576
42560,2.891,2.845,0.000508,102415,54.64,5.579
42580,2.971,2.913,0.000507,102416,54.64,5.581
42600,2.966,2.834,0.000507,102420,54.64,5.584
42620,2.864,2.89,0.000507,102424,54.64,5.586
42640,2.841,2.907,0.000507,102427,54.64,5.589
42660,2.921,2.863,0.000507,102428,54.64,5.592
42680,2.947,2.878,0.000507,102432,54.64,5.594
42700,2.9,2.88,0.000507,102436,54.64,5.597
42720,2.752,2.902,0.000507,102440,54.64,5.6
42740,2.9,2.918,0.000507,102440,54.64,5.602
42760,2.813,2.854,0.000507,102444,54.64,5.605
42780,2.89,2.903,0.000507,102448,54.64,5.607
42800,2.927,2.874,0.000506,102452,54.64,5.61
42820,3.015,2.88,0.000506,102452,54.64,5.613
42840,2.92,2.896,0.000506,102456,54.64,5.615
42860,2.807,2.842,0.000506,102460,54.64,5.618
42880,2.88,2.872,0.000506,102463,54.64,5.62
42900,2.918,2.869,0.000506,102464,54.64,5.623
42920,2.957,2.906,0.000506,102468,54.64,5.626
42940,2.943,2.852,0.000506,102471,54.64,5.628
42960,3.066,2.879,0.000506,102475,54.64,5.631
42980,2.909,2.847,0.000506,102476,54.64,5.634
43000,2.935,2.848,0.000506,102455,54.64,5.636
43020,2.968,2.913,0.000506,102409,54.64,5.639
43040,2.997,2.886,0.000505,102413,54.64,5.641
43060,2.841,2.929,0.000505,102414,54.64,5.644
43080,2.852,2.857,0.000505,102418,54.64,5.647
43100,2.79,2.859,0.000505,102421,54.64,5.649
43120,2.714,2.89,0.000505,102425,54.64,5.652
43140,2.925,2.896,0.000505,102426,54.64,5.655
43160,2.993,2.914,0.000505,102430,54.64,5.657
43180,2.89,2.865,0.000505,102433,54.64,5.66
43200,2.887,2.907,0.000505,102437,54.64,5.662
43220,2.809,2.877,0.000505,102438,54.64,5.665
43240,2.853,2.864,0.000505,102442,54.64,5.668
43260,2.833,2.896,0.000505,102445,54.64,5.67
43280,2.917,2.883,0.000504,102449,54.64,5.673
43300,2.855,2.888,0.000504,102449,54.64,5.676
43320,2.828,2.874,0.000504,102453,54.64,5.678
43340,3.043,2.871,0.000504,102457,54.64,5.681
43360,2.778,2.905,0.000504,102460,54.64,5.683
43380,2.741,2.926,0.000504,102461,54.64,5.686
43400,2.932,2.888,0.000504,102465,54.64,5.689
43420,2.926,2.838,0.000504,102469,54.64,5.691
43440,2.926,2.88,0.000504,102472,54.64,5.694
43460,2.898,2.897,0.000504,102473,54.64,5.697
43480,2.911,2.859,0.000504,102477,54.64,5.699
43500,2.83,2.889,0.000503,102456,54.64,5.702
43520,2.777,2.886,0.000503,102410,54.64,5.704
43540,2.856,2.893,0.000503,102410,54.64,5.707
43560,2.926,2.839,0.000503,102414,54.64,5.71
43580,2.917,2.843,0.000503,102418,54.64,5.712
43600,2.94,2.863,0.000503,102422,54.64,5.715
43620,2.917,2.851,0.000503,102422,54.64,5.717
43640,2.976,2.921,0.000503,102426,54.64,5.72
43660,2.87,2.878,0.000503,102430,54.64,5.723
43680,2.959,2.835,0.000503,102433,54.64,5.725
43700,2.997,2.885,0.000503,102434,54.64,5.728
43720,2.76,2.863,0.000503,102438,54.64,5.731
43740,2.805,2.848,0.000502,102441,54.64,5.733
43760,2.927,2.874,0.000502,102445,54.64,5.736
43780,2.823,2.888,0.000502,102446,54.64,5.738
43800,2.848,2.854,0.000502,102450,54.64,5.741
43820,3.095,2.912,0.000502,102453,54.64,5.744
43840,2.941,2.883,0.000502,102457,54.64,5.746
43860,2.764,2.873,0.000502,102458,54.64,5.749
43880,2.675,2.85,0.000502,102461,54.64,5.752
43900,2.746,2.849,0.000502,102465,54.64,5.754
43920,2.993,2.882,0.000502,102469,54.64,5.757
43940,2.918,2.88,0.000502,102469,54.64,5.759
43960,2.806,2.883,0.000502,102473,54.64,5.762
43980,2.838,2.894,0.000501,102476,54.64,5.765
44000,2.906,2.875,0.000501,102455,54.64,5.767
44020,2.856,2.872,0.000501,102406,54.64,5.77
44040,2.834,2.889,0.000501,102409,54.64,5.773
44060,2.962,2.89,0.000501,102413,54.64,5.775
44080,2.837,2.922,0.000501,102417,54.64,5.778
44100,2.924,2.849,0.000501,102417,54.64,5.78
44120,2.872,2.903,0.000501,102421,54.64,5.783
44140,2.876,2.876,0.000501,102425,54.64,5.786
44160,2.835,2.869,0.000501,102428,54.64,5.788
44180,2.93,2.908,0.000501,102429,54.64,5.791
44200,2.764,2.848,0.0005,102432,54.64,5.794
44220,2.797,2.909,0.0005,102436,54.64,5.796
44240,2.901,2.859,0.0005,102440,54.64,5.799
44260,2.794,2.855,0.0005,102440,54.64,5.801
44280,2.788,2.922,0.0005,102444,54.64,5.804
44300,2.922,2.883,0.0005,102448,54.64,5.807
44320,2.883,2.878,0.0005,102451,54.64,5.809
44340,2.912,2.939,0.0005,102452,54.64,5.812
44360,2.785,2.863,0.0005,102456,54.64,5.814
44380,2.803,2.92,0.0005,102459,54.64,5.817
44400,3.031,2.849,0.0005,102463,54.64,5.82
44420,2.821,2.842,0.0005,102464,54.64,5.822
44440,2.838,2.855,0.000499,102467,54.64,5.825
44460,2.803,2.893,0.000499,102471,54.64,5.828
44480,2.771,2.863,0.000499,102475,54.64,5.83
44500,2.764,2.873,0.000499,102451,54.64,5.833
44520,2.954,2.905,0.000499,102407,54.64,5.835
44540,2.835,2.867,0.000499,102410,54.64,5.838
44560,2.831,2.888,0.000499,102414,54.64,5.841
44580,2.914,2.902,0.000499,102415,54.64,5.843
44600,2.857,2.882,0.000499,102418,54.64,5.846
44620,2.786,2.891,0.000499,102422,54.64,5.849
44640,2.864,2.894,0.000499,102426,54.64,5.851
44660,2.903,2.912,0.000498,102426,54.64,5.854
44680,2.896,2.871,0.000498,102430,54.64,5.856
44700,2.963,2.877,0.000498,102433,54.64,5.859
44720,2.89,2.897,0.000498,102437,54.64,5.862
44740,2.905,2.88,0.000498,102438,54.64,5.864
44760,2.879,2.858,0.000498,102441,54.64,5.867
44780,2.965,2.919,0.000498,102445,54.64,5.87
44800,2.734,2.906,0.000498,102449,54.64,5.872
44820,2.884,2.855,0.000498,102449,54.64,5.875
44840,2.893,2.902,0.000498,102453,54.64,5.877
44860,3.009,2.888,0.000498,102456,54.64,5.88
44880,2.943,2.871,0.000497,102460,54.64,5.883
44900,2.926,2.854,0.000497,102461,54.64,5.885
44920,2.932,2.887,0.000497,102464,54.64,5.888
44940,2.712,2.889,0.000497,102468,54.64,5.891
44960,2.816,2.87,0.000497,102471,54.64,5.893
44980,2.885,2.88,0.000497,102472,54.64,5.896
45000,2.8,2.859,0.000497,102451,54.64,5.898
45020,2.885,2.85,0.000497,102406,54.64,5.901
45040,2.994,2.892,0.000497,102410,54.64,5.904
45060,2.865,2.836,0.000497,102411,54.64,5.906
45080,2.809,2.882,0.000497,102414,54.64,5.909
45100,2.804,2.862,0.000497,102418,54.64,5.911
45120,2.859,2.894,0.000496,102421,54.64,5.914
45140,2.938,2.827,0.000496,102422,54.64,5.917
45160,2.766,2.883,0.000496,102426,54.64,5.919
45180,3.007,2.907,0.000496,102429,54.64,5.922
45200,2.857,2.854,0.000496,102433,54.64,5.925
45220,2.919,2.85,0.000496,102433,54.64,5.927
45240,2.919,2.915,0.000496,102437,54.64,5.93
45260,2.843,2.865,0.000496,102440,54.64,5.932
45280,2.791,2.842,0.000496,102444,54.64,5.935
45300,2.984,2.854,0.000496,102445,54.64,5.938
45320,2.869,2.825,0.000496,102448,54.64,5.94
45340,2.808,2.919,0.000495,102452,54.64,5.943
45360,2.916,2.861,0.000495,102455,54.64,5.946
45380,2.998,2.854,0.000495,102456,54.64,5.948
45400,2.948,2.866,0.000495,102459,54.64,5.951
45420,2.847,2.87,0.000495,102463,54.64,5.953
45440,2.853,2.853,0.000495,102466,54.64,5.956
45460,2.821,2.862,0.000495,102467,54.64,5.959
45480,2.943,2.852,0.000495,102471,54.64,5.961
45500,2.866,2.908,0.000495,102451,54.64,5.964
45520,2.867,2.846,0.000495,102408,54.64,5.967
45540,2.941,2.886,0.000495,102409,54.64,5.969
45560,2.988,2.826,0.000494,102412,54.64,5.972
45580,2.824,2.856,0.000494,102416,54.64,5.974
45600,2.762,2.811,0.000494,102419,54.64,5.977
45620,3.049,2.851,0.000494,102420,54.64,5.98
45640,3.062,2.901,0.000494,102424,54.64,5.982
45660,2.814,2.831,0.000494,102427,54.64,5.985
45680,2.918,2.907,0.000494,102431,54.64,5.988
45700,2.832,2.919,0.000494,102431,54.64,5.99
45720,2.803,2.878,0.000494,102435,54.64,5.993
45740,2.904,2.884,0.000494,102438,54.64,5.995
45760,2.786,2.888,0.000494,102442,54.64,5.998
45780,2.825,2.909,0.000493,102442,54.64,6.001
45800,2.906,2.844,0.000493,102446,54.64,6.003
45820,2.861,2.883,0.000493,102449,54.64,6.006
45840,2.887,2.91,0.000493,102453,54.64,6.008
45860,2.782,2.875,0.000493,102453,54.64,6.011
45880,2.989,2.888,0.000493,102457,54.64,6.014
45900,2.861,2.864,0.000493,102460,54.64,6.016
45920,2.843,2.867,0.000493,102464,54.64,6.019
45940,2.863,2.908,0.000493,102464,54.64,6.022
45960,2.799,2.853,0.000493,102468,54.64,6.024
45980,2.715,2.861,0.000493,102471,54.64,6.027
46000,2.947,2.903,0.000493,102451,54.64,6.029
46020,2.845,2.873,0.000492,102406,54.64,6.032
46040,2.819,2.837,0.000492,102409,54.64,6.035
46060,2.92,2.86,0.000492,102413,54.64,6.037
46080,2.98,2.869,0.000492,102416,54.64,6.04
46100,2.799,2.903,0.000492,102417,54.64,6.043
46120,2.853,2.871,0.000492,102420,54.64,6.045
46140,2.964,2.871,0.000492,102424,54.64,6.048
46160,2.809,2.841,0.000492,102427,54.64,6.05
46180,2.931,2.854,0.000492,102428,54.64,6.053
46200,2.809,2.829,0.000492,102432,54.64,6.056
46220,2.891,2.912,0.000492,102435,54.64,6.058
46240,2.722,2.877,0.000491,102438,54.64,6.061
46260,2.935,2.847,0.000491,102439,54.64,6.064
46280,3.005,2.882,0.000491,102443,54.64,6.066
46300,2.858,2.882,0.000491,102446,54.64,6.069
46320,2.774,2.812,0.000491,102450,54.64,6.071
46340,2.727,2.825,0.000491,102450,54.64,6.074
46360,2.927,2.828,0.000491,102454,54.64,6.077
46380,2.728,2.891,0.000491,102457,54.64,6.079
46400,2.926,2.83,0.000491,102461,54.64,6.082
46420,2.764,2.899,0.000491,102461,54.64,6.084
46440,2.719,2.892,0.000491,102465,54.64,6.087
46460,2.918,2.903,0.00049,102468,54.64,6.09
46480,2.99,2.887,0.00049,102472,54.64,6.092
46500,2.871,2.854,0.00049,102449,54.64,6.095
46520,2.729,2.847,0.00049,102408,54.64,6.098
46540,2.688,2.87,0.00049,102411,54.64,6.1
46560,2.891,2.845,0.00049,102415,54.64,6.103
46580,2.772,2.868,0.00049,102415,54.64,6.105
46600,2.836,2.875,0.00049,102418,54.64,6.108
46620,2.835,2.871,0.00049,102422,54.64,6.111
46640,2.928,2.876,0.00049,102425,54.64,6.113
46660,2.962,2.852,0.00049,102426,54.64,6.116
46680,2.876,2.909,0.000489,102429,54.64,6.119
46700,3.031,2.863,0.000489,102433,54.64,6.121
46720,2.855,2.84,0.000489,102436,54.64,6.124
46740,2.916,2.845,0.000489,102437,54.64,6.126
46760,2.88,2.874,0.000489,102440,54.64,6.129
46780,2.903,2.895,0.000489,102444,54.64,6.132
46800,2.727,2.891,0.000489,102447,54.64,6.134
46820,2.863,2.875,0.000489,102448,54.64,6.137
46840,2.84,2.865,0.000489,102451,54.64,6.14
46860,2.586,2.818,0.000489,102455,54.64,6.142
46880,2.928,2.861,0.000489,102458,54.64,6.145
46900,2.932,2.884,0.000488,102459,54.64,6.147
46920,2.789,2.845,0.000488,102462,54.64,6.15
46940,2.911,2.828,0.000488,102466,54.64,6.153
46960,2.773,2.882,0.000488,102469,54.64,6.155
46980,2.93,2.873,0.000488,102470,54.64,6.158
47000,2.884,2.891,0.000488,102451,54.64,6.161
47020,2.803,2.916,0.000488,102407,54.64,6.163
47040,2.903,2.885,0.000488,102410,54.64,6.166
47060,2.809,2.817,0.000488,102411,54.64,6.168
47080,2.773,2.866,0.000488,102414,54.64,6.171
47100,2.731,2.874,0.000488,102418,54.64,6.174
47120,2.781,2.816,0.000487,102421,54.64,6.176
47140,2.984,2.897,0.000487,102422,54.64,6.179
47160,2.87,2.914,0.000487,102425,54.64,6.181
47180,2.884,2.841,0.000487,102429,54.64,6.184
47200,2.717,2.862,0.000487,102432,54.64,6.187
47220,2.87,2.856,0.000487,102433,54.64,6.189
47240,2.937,2.848,0.000487,102436,54.64,6.192
47260,2.715,2.909,0.000487,102440,54.64,6.195
47280,2.707,2.842,0.000487,102443,54.64,6.197
47300,2.996,2.865,0.000487,102444,54.64,6.2
47320,2.872,2.879,0.000487,102447,54.64,6.202
47340,2.837,2.847,0.000486,102450,54.64,6.205
47360,2.841,2.893,0.000486,102454,54.64,6.208
47380,2.886,2.896,0.000486,102455,54.64,6.21
47400,2.802,2.881,0.000486,102458,54.64,6.213
47420,2.982,2.888,0.000486,102461,54.64,6.216
47440,2.807,2.861,0.000486,102465,54.64,6.218
47460,2.953,2.88,0.000486,102465,54.64,6.221
47480,2.837,2.894,0.000486,102468,54.64,6.223
47500,2.846,2.82,0.000486,102449,54.64,6.226
47520,2.898,2.835,0.000486,102407,54.64,6.229
47540,3.006,2.878,0.000486,102407,54.64,6.231
47560,2.857,2.911,0.000485,102411,54.64,6.234
47580,2.917,2.862,0.000485,102414,54.64,6.237
47600,2.807,2.844,0.000485,102417,54.64,6.239
47620,2.719,2.861,0.000485,102418,54.64,6.242
47640,2.884,2.865,0.000485,102421,54.64,6.244
47660,2.91,2.885,0.000485,102425,54.64,6.247
47680,2.918,2.829,0.000485,102428,54.64,6.25
47700,2.717,2.866,0.000485,102429,54.64,6.252
47720,2.902,2.874,0.000485,102432,54.64,6.255
47740,2.924,2.846,0.000485,102435,54.64,6.258
47760,2.903,2.885,0.000485,102439,54.64,6.26
47780,2.884,2.84,0.000484,102439,54.64,6.263
47800,2.825,2.862,0.000484,102443,54.64,6.265
47820,2.863,2.869,0.000484,102446,54.64,6.268
47840,2.739,2.833,0.000484,102449,54.64,6.271
47860,2.787,2.85,0.000484,102450,54.64,6.273
47880,2.929,2.855,0.000484,102453,54.64,6.276
47900,2.912,2.846,0.000484,102457,54.64,6.278
47920,2.81,2.868,0.000484,102460,54.64,6.281
47940,2.738,2.873,0.000484,102461,54.64,6.284
47960,2.831,2.873,0.000484,102464,54.64,6.286
47980,3.036,2.859,0.000483,102467,54.64,6.289
48000,2.953,2.886,0.000483,102448,54.64,6.292
48020,2.861,2.853,0.000483,102406,54.64,6.294
48040,2.836,2.867,0.000483,102410,54.64,6.297
48060,2.755,2.868,0.000483,102413,54.64,6.299
48080,2.838,2.832,0.000483,102416,54.64,6.302
48100,2.911,2.855,0.000483,102417,54.64,6.305
48120,2.8,2.896,0.000483,102420,54.64,6.307
48140,2.768,2.891,0.000483,102424,54.64,6.31
48160,2.832,2.915,0.000483,102427,54.64,6.313
48180,2.842,2.862,0.000483,102427,54.64,6.315
48200,3.015,2.861,0.000482,102431,54.64,6.318
48220,2.874,2.85,0.000482,102434,54.64,6.32
48240,3.012,2.835,0.000482,102437,54.64,6.323
48260,2.788,2.92,0.000482,102438,54.64,6.326
48280,2.837,2.843,0.000482,102441,54.64,6.328
48300,2.842,2.856,0.000482,102444,54.64,6.331
48320,2.964,2.865,0.000482,102448,54.64,6.334
48340,2.933,2.925,0.000482,102448,54.64,6.336
48360,2.85,2.859,0.000482,102452,54.64,6.339
48380,2.982,2.898,0.000482,102455,54.64,6.341
48400,2.859,2.852,0.000482,102458,54.64,6.344
48420,2.701,2.835,0.000481,102459,54.64,6.347
48440,2.773,2.883,0.000481,102462,54.64,6.349
48460,2.764,2.857,0.000481,102465,54.64,6.352
48480,2.914,2.84,0.000481,102469,54.64,6.355
48500,2.895,2.856,0.000481,102447,54.64,6.357
48520,2.859,2.863,0.000481,102406,54.64,6.36
48540,2.848,2.833,0.000481,102409,54.64,6.362
48560,2.879,2.904,0.000481,102413,54.64,6.365
48580,2.91,2.848,0.000481,102413,54.64,6.368
48600,2.987,2.841,0.000481,102417,54.64,6.37
48620,2.897,2.894,0.000481,102420,54.64,6.373
48640,2.907,2.857,0.00048,102423,54.64,6.375
48660,2.854,2.879,0.00048,102424,54.64,6.378
48680,2.951,2.868,0.00048,102427,54.64,6.381
48700,2.881,2.847,0.00048,102431,54.64,6.383
48720,2.809,2.883,0.00048,102434,54.64,6.386
48740,2.794,2.847,0.00048,102435,54.64,6.389
48760,2.883,2.876,0.00048,102438,54.64,6.391
48780,2.761,2.821,0.00048,102441,54.64,6.394
48800,2.914,2.868,0.00048,102444,54.64,6.396
48820,2.671,2.873,0.00048,102445,54.64,6.399
48840,2.847,2.854,0.00048,102448,54.64,6.402
48860,2.805,2.886,0.000479,102452,54.64,6.404
48880,2.821,2.847,0.000479,102455,54.64,6.407
48900,2.771,2.865,0.000479,102455,54.64,6.41
48920,2.854,2.903,0.000479,102459,54.64,6.412
48940,2.881,2.826,0.000479,102462,54.64,6.415
48960,2.857,2.85,0.000479,102465,54.64,6.417
48980,2.959,2.866,0.000479,102466,54.64,6.42
49000,2.818,2.821,0.000479,102448,54.64,6.423
49020,2.727,2.861,0.000479,102409,54.64,6.425
49040,2.902,2.881,0.000479,102412,54.64,6.428
49060,2.885,2.894,0.000478,102413,54.64,6.431
49080,2.955,2.9,0.000478,102416,54.64,6.433
49100,2.898,2.883,0.000478,102420,54.64,6.436
49120,2.928,2.853,0.000478,102423,54.64,6.438
49140,2.875,2.83,0.000478,102423,54.64,6.441
49160,2.946,2.861,0.000478,102426,54.64,6.444
49180,2.827,2.888,0.000478,102430,54.64,6.446
49200,2.737,2.875,0.000478,102433,54.64,6.449
49220,2.799,2.858,0.000478,102434,54.64,6.451
49240,2.859,2.822,0.000478,102437,54.64,6.454
49260,2.9,2.869,0.000478,102440,54.64,6.457
49280,2.742,2.871,0.000477,102443,54.64,6.459
49300,3.0,2.827,0.000477,102444,54.64,6.462
49320,2.854,2.881,0.000477,102447,54.64,6.465
49340,2.948,2.859,0.000477,102450,54.64,6.467
49360,2.898,2.839,0.000477,102454,54.64,6.47
49380,2.802,2.856,0.000477,102454,54.64,6.472
49400,3.027,2.904,0.000477,102458,54.64,6.475
49420,2.861,2.846,0.000477,102461,54.64,6.478
49440,2.929,2.845,0.000477,102464,54.64,6.48
49460,2.841,2.841,0.000477,102465,54.64,6.483
49480,2.934,2.859,0.000476,102468,54.64,6.486
49500,2.923,2.844,0.000476,102450,54.64,6.488
49520,2.896,2.86,0.000476,102411,54.64,6.491
49540,2.832,2.851,0.000476,102412,54.64,6.493
49560,2.942,2.852,0.000476,102415,54.64,6.496
49580,2.791,2.895,0.000476,102418,54.64,6.499
49600,2.879,2.851,0.000476,102421,54.64,6.501
49620,2.999,2.874,0.000476,102422,54.64,6.504
49640,2.858,2.861,0.000476,102425,54.64,6.507
49660,2.821,2.819,0.000476,102428,54.64,6.509
49680,2.852,2.838,0.000476,102432,54.64,6.512
49700,2.878,2.868,0.000475,102432,54.64,6.514
49720,2.796,2.841,0.000475,102435,54.64,6.517
49740,2.876,2.878,0.000475,102439,54.64,6.52
49760,2.947,2.854,0.000475,102442,54.64,6.522
49780,2.746,2.86,0.000475,102442,54.64,6.525
49800,2.886,2.86,0.000475,102446,54.64,6.528
49820,2.786,2.892,0.000475,102449,54.64,6.53
49840,2.949,2.811,0.000475,102452,54.64,6.533
49860,2.863,2.837,0.000475,102453,54.64,6.535
49880,2.948,2.885,0.000475,102456,54.64,6.538
49900,2.835,2.816,0.000475,102459,54.64,6.541
49920,2.866,2.875,0.000474,102462,54.64,6.543
49940,2.831,2.837,0.000474,102463,54.64,6.546
49960,2.88,2.872,0.000474,102466,54.64,6.548
49980,2.832,2.889,0.000474,102469,54.64,6.551
50000,2.882,2.83,0.000474,102451,54.64,6.554
50020,2.868,2.895,0.000474,102409,54.64,6.556
50040,2.964,2.875,0.000474,102412,54.64,6.559
50060,2.805,2.874,0.000474,102416,54.64,6.562
50080,2.796,2.894,0.000474,102419,54.64,6.564
50100,2.788,2.883,0.000474,102419,54.64,6.567
50120,2.94,2.816,0.000473,102423,54.64,6.569
50140,2.798,2.83,0.000473,102426,54.64,6.572
50160,2.818,2.81,0.000473,102429,54.64,6.575
50180,2.824,2.861,0.000473,102430,54.64,6.577
50200,2.934,2.882,0.000473,102433,54.64,6.58
50220,2.764,2.862,0.000473,102436,54.64,6.583
50240,2.712,2.899,0.000473,102439,54.64,6.585
50260,2.839,2.887,0.000473,102440,54.64,6.588
50280,2.815,2.882,0.000473,102443,54.64,6.59
50300,2.916,2.886,0.000473,102446,54.64,6.593
50320,2.948,2.873,0.000473,102450,54.64,6.596
50340,2.825,2.869,0.000472,102450,54.64,6.598
50360,2.915,2.844,0.000472,102453,54.64,6.601
50380,2.76,2.915,0.000472,102456,54.64,6.604
50400,2.819,2.869,0.000472,102460,54.64,6.606
50420,2.947,2.83,0.000472,102460,54.64,6.609
50440,2.794,2.85,0.000472,102463,54.64,6.611
50460,2.752,2.913,0.000472,102467,54.64,6.614
50480,2.714,2.877,0.000472,102470,54.64,6.617
50500,2.723,2.903,0.000472,102449,54.64,6.619
50520,2.936,2.869,0.000472,102410,54.64,6.622
50540,2.874,2.852,0.000471,102413,54.64,6.625
50560,2.815,2.891,0.000471,102417,54.64,6.627
50580,2.87,2.876,0.000471,102417,54.64,6.63
50600,2.754,2.839,0.000471,102420,54.64,6.632
50620,2.91,2.871,0.000471,102424,54.64,6.635
50640,2.817,2.864,0.000471,102427,54.64,6.638
50660,2.828,2.858,0.000471,102427,54.64,6.64
50680,2.955,2.889,0.000471,102430,54.64,6.643
50700,2.94,2.838,0.000471,102434,54.64,6.645
50720,2.733,2.827,0.000471,102437,54.64,6.648
50740,2.891,2.84,0.000471,102437,54.64,6.651
50760,2.92,2.843,0.00047,102441,54.64,6.653
50780,3.0,2.816,0.00047,102444,54.64,6.656
50800,2.911,2.849,0.00047,102447,54.64,6.659
50820,2.689,2.907,0.00047,102447,54.64,6.661
50840,2.887,2.872,0.00047,102450,54.64,6.664
50860,2.854,2.8,0.00047,102454,54.64,6.666
50880,2.903,2.914,0.00047,102457,54.64,6.669
50900,2.763,2.911,0.00047,102457,54.64,6.672
50920,2.824,2.908,0.00047,102460,54.64,6.674
50940,2.897,2.831,0.00047,102463,54.64,6.677
50960,2.77,2.855,0.000469,102467,54.64,6.68
50980,2.843,2.823,0.000469,102467,54.64,6.682
51000,2.858,2.801,0.000469,102450,54.64,6.685
51020,2.844,2.827,0.000469,102411,54.64,6.687
51040,2.86,2.87,0.000469,102414,54.64,6.69
51060,2.829,2.814,0.000469,102415,54.64,6.693
51080,2.687,2.868,0.000469,102418,54.64,6.695
51100,2.732,2.846,0.000469,102421,54.64,6.698
51120,2.941,2.87,0.000469,102425,54.64,6.701
51140,2.779,2.855,0.000469,102425,54.64,6.703
51160,2.845,2.883,0.000468,102428,54.64,6.706
51180,2.836,2.893,0.000468,102431,54.64,6.708
51200,2.815,2.845,0.000468,102435,54.64,6.711
51220,2.963,2.799,0.000468,102435,54.64,6.714
51240,2.857,2.897,0.000468,102438,54.64,6.716
51260,2.756,2.867,0.000468,102441,54.64,6.719
51280,2.927,2.881,0.000468,102445,54.64,6.722
51300,2.811,2.858,0.000468,102445,54.64,6.724
51320,3.06,2.879,0.000468,102448,54.64,6.727
51340,2.842,2.854,0.000468,102451,54.64,6.729
51360,2.907,2.895,0.000468,102454,54.64,6.732
51380,2.79,2.888,0.000467,102455,54.64,6.735
51400,2.807,2.82,0.000467,102458,54.64,6.737
51420,2.84,2.834,0.000467,102461,54.64,6.74
51440,2.835,2.854,0.000467,102464,54.64,6.742
51460,2.883,2.864,0.000467,102465,54.64,6.745
51480,2.914,2.855,0.000467,102468,54.64,6.748
51500,2.972,2.839,0.000467,102451,54.64,6.75
51520,2.784,2.861,0.000467,102414,54.64,6.753
51540,2.922,2.849,0.000467,102414,54.64,6.756
51560,2.799,2.901,0.000467,102417,54.64,6.758
51580,2.944,2.873,0.000466,102421,54.64,6.761
51600,2.885,2.793,0.000466,102424,54.64,6.763
51620,2.842,2.836,0.000466,102424,54.64,6.766
51640,2.854,2.845,0.000466,102427,54.64,6.769
51660,2.801,2.828,0.000466,102430,54.64,6.771
51680,2.751,2.865,0.000466,102433,54.64,6.774
51700,2.827,2.894,0.000466,102434,54.64,6.777
51720,2.831,2.859,0.000466,102437,54.64,6.779
51740,2.831,2.787,0.000466,102440,54.64,6.782
51760,2.788,2.888,0.000466,102443,54.64,6.784
51780,2.845,2.803,0.000465,102444,54.64,6.787
51800,2.945,2.881,0.000465,102447,54.64,6.79
51820,2.733,2.903,0.000465,102450,54.64,6.792
51840,2.794,2.878,0.000465,102453,54.64,6.795
51860,2.624,2.869,0.000465,102454,54.64,6.798
51880,2.867,2.816,0.000465,102457,54.64,6.8
51900,2.832,2.912,0.000465,102460,54.64,6.803
51920,2.846,2.878,0.000465,102463,54.64,6.805
51940,2.812,2.852,0.000465,102464,54.64,6.808
51960,2.929,2.862,0.000465,102467,54.64,6.811
51980,2.845,2.88,0.000465,102470,54.64,6.813
52000,3.014,2.86,0.000464,102452,54.64,6.816
52020,2.938,2.881,0.000464,102412,54.64,6.818
52040,2.805,2.891,0.000464,102415,54.64,6.821
52060,2.772,2.845,0.000464,102418,54.64,6.824
52080,2.743,2.845,0.000464,102421,54.64,6.826
52100,2.843,2.856,0.000464,102422,54.64,6.829
52120,2.745,2.868,0.000464,102425,54.64,6.832
52140,2.734,2.838,0.000464,102428,54.64,6.834
52160,2.81,2.816,0.000464,102431,54.64,6.837
52180,2.802,2.833,0.000464,102431,54.64,6.839
52200,2.9,2.819,0.000463,102434,54.64,6.842
52220,2.791,2.857,0.000463,102438,54.64,6.845
52240,2.842,2.881,0.000463,102441,54.64,6.847
52260,2.874,2.879,0.000463,102441,54.64,6.85
52280,2.814,2.853,0.000463,102444,54.64,6.853
52300,2.829,2.868,0.000463,102447,54.64,6.855
52320,2.932,2.838,0.000463,102450,54.64,6.858
52340,2.928,2.824,0.000463,102451,54.64,6.86
52360,2.843,2.825,0.000463,102454,54.64,6.863
52380,2.842,2.82,0.000463,102457,54.64,6.866
52400,2.862,2.862,0.000462,102460,54.64,6.868
52420,2.758,2.852,0.000462,102460,54.64,6.871
52440,2.893,2.815,0.000462,102464,54.64,6.874
52460,2.825,2.838,0.000462,102467,54.64,6.876
52480,2.746,2.827,0.000462,102470,54.64,6.879
52500,2.987,2.845,0.000462,102450,54.64,6.881
52520,2.962,2.825,0.000462,102411,54.64,6.884
52540,2.789,2.896,0.000462,102415,54.64,6.887
52560,2.802,2.804,0.000462,102418,54.64,6.889
52580,2.839,2.889,0.000462,102418,54.64,6.892
52600,2.757,2.88,0.000461,102421,54.64,6.895
52620,2.83,2.894,0.000461,102424,54.64,6.897
52640,2.752,2.8,0.000461,102427,54.64,6.9
52660,2.852,2.868,0.000461,102428,54.64,6.902
52680,2.93,2.827,0.000461,102431,54.64,6.905
52700,2.831,2.901,0.000461,102434,54.64,6.908
52720,2.862,2.844,0.000461,102437,54.64,6.91
52740,2.793,2.858,0.000461,102437,54.64,6.913
52760,2.78,2.846,0.000461,102440,54.64,6.915
52780,2.796,2.845,0.000461,102444,54.64,6.918
52800,2.794,2.861,0.000461,102447,54.64,6.921
52820,2.932,2.859,0.00046,102447,54.64,6.923
52840,2.844,2.887,0.00046,102450,54.64,6.926
52860,2.582,2.84,0.00046,102453,54.64,6.929
52880,2.873,2.836,0.00046,102456,54.64,6.931
52900,2.867,2.861,0.00046,102457,54.64,6.934
52920,2.907,2.862,0.00046,102460,54.64,6.936
52940,2.854,2.869,0.00046,102463,54.64,6.939
52960,2.723,2.839,0.00046,102466,54.64,6.942
52980,2.885,2.851,0.00046,102466,54.64,6.944
53000,2.82,2.886,0.00046,102449,54.64,6.947
53020,2.921,2.891,0.000459,102412,54.64,6.95
53040,2.938,2.84,0.000459,102415,54.64,6.952
53060,2.827,2.879,0.000459,102416,54.64,6.955
53080,2.982,2.864,0.000459,102419,54.64,6.957
53100,2.835,2.822,0.000459,102422,54.64,6.96
53120,2.916,2.818,0.000459,102425,54.64,6.963
53140,2.816,2.858,0.000459,102425,54.64,6.965
53160,2.782,2.835,0.000459,102428,54.64,6.968
53180,2.922,2.84,0.000459,102431,54.64,6.971
53200,2.908,2.821,0.000459,102434,54.64,6.973
53220,2.882,2.887,0.000458,102435,54.64,6.976
53240,2.987,2.915,0.000458,102438,54.64,6.978
53260,2.813,2.896,0.000458,102441,54.64,6.981
53280,2.807,2.823,0.000458,102444,54.64,6.984
53300,2.97,2.809,0.000458,102444,54.64,6.986
53320,2.834,2.806,0.000458,102447,54.64,6.989
53340,2.85,2.855,0.000458,102450,54.64,6.992
53360,2.838,2.864,0.000458,102453,54.64,6.994
53380,2.972,2.861,0.000458,102453,54.64,6.997
53400,2.917,2.879,0.000458,102456,54.64,6.999
53420,2.882,2.844,0.000457,102459,54.64,7.002
53440,2.887,2.862,0.000457,102462,54.64,7.005
53460,2.962,2.865,0.000457,102463,54.64,7.007
53480,2.834,2.808,0.000457,102466,54.64,7.01
53500,2.721,2.867,0.000457,102449,54.64,7.012
53520,2.961,2.905,0.000457,102412,54.64,7.015
53540,2.842,2.836,0.000457,102413,54.64,7.018
53560,2.854,2.85,0.000457,102416,54.64,7.02
53580,2.726,2.821,0.000457,102419,54.64,7.023
53600,2.861,2.871,0.000457,102422,54.64,7.026
53620,2.83,2.803,0.000456,102422,54.64,7.028
53640,2.8,2.83,0.000456,102425,54.64,7.031
53660,3.036,2.813,0.000456,102428,54.64,7.033
53680,2.652,2.815,0.000456,102431,54.64,7.036
53700,2.872,2.855,0.000456,102432,54.64,7.039
53720,2.848,2.803,0.000456,102435,54.64,7.041
53740,2.834,2.824,0.000456,102438,54.64,7.044
53760,2.891,2.887,0.000456,102441,54.64,7.047
53780,2.752,2.833,0.000456,102441,54.64,7.049
53800,2.845,2.87,0.000456,102444,54.64,7.052
53820,2.751,2.824,0.000455,102447,54.64,7.054
53840,2.853,2.829,0.000455,102450,54.64,7.057
53860,2.888,2.845,0.000455,102451,54.64,7.06
53880,2.755,2.852,0.000455,102454,54.64,7.062
53900,2.921,2.858,0.000455,102457,54.64,7.065
53920,2.858,2.857,0.000455,102460,54.64,7.068
53940,2.841,2.879,0.000455,102460,54.64,7.07
53960,2.822,2.833,0.000455,102463,54.64,7.073
53980,2.958,2.896,0.000455,102466,54.64,7.075
54000,2.794,2.889,0.000455,102450,54.64,7.078
54020,2.814,2.876,0.000454,102412,54.64,7.081
54040,2.845,2.844,0.000454,102415,54.64,7.083
54060,2.761,2.879,0.000454,102418,54.64,7.086
54080,2.689,2.866,0.000454,102421,54.64,7.089
54100,2.908,2.916,0.000454,102422,54.64,7.091
54120,2.884,2.878,0.000454,102425,54.64,7.094
54140,2.919,2.842,0.000454,102428,54.64,7.096
54160,2.835,2.872,0.000454,102431,54.64,7.099
54180,2.913,2.889,0.000454,102431,54.64,7.102
54200,2.719,2.887,0.000454,102434,54.64,7.104
54220,2.992,2.88,0.000453,102437,54.64,7.107
54240,2.776,2.839,0.000453,102440,54.64,7.109
54260,2.808,2.913,0.000453,102440,54.64,7.112
54280,2.881,2.837,0.000453,102443,54.64,7.115
54300,2.888,2.878,0.000453,102446,54.64,7.117
54320,2.821,2.852,0.000453,102449,54.64,7.12
54340,2.832,2.87,0.000453,102450,54.64,7.123
54360,2.825,2.842,0.000453,102453,54.64,7.125
54380,2.805,2.789,0.000453,102456,54.64,7.128
54400,2.835,2.821,0.000453,102459,54.64,7.13
54420,2.849,2.881,0.000452,102459,54.64,7.133
54440,2.916,2.917,0.000452,102462,54.64,7.136
54460,2.948,2.864,0.000452,102465,54.64,7.138
54480,2.792,2.811,0.000452,102468,54.64,7.141
54500,2.818,2.861,0.000452,102449,54.64,7.144
54520,2.915,2.854,0.000452,102415,54.64,7.146
54540,2.741,2.886,0.000452,102418,54.64,7.149
54560,2.803,2.833,0.000452,102421,54.64,7.151
54580,2.769,2.863,0.000452,102422,54.64,7.154
54600,2.802,2.846,0.000452,102425,54.64,7.157
54620,2.784,2.852,0.000451,102427,54.64,7.159
54640,2.897,2.86,0.000451,102430,54.64,7.162
54660,2.846,2.851,0.000451,102431,54.64,7.165
54680,2.836,2.867,0.000451,102434,54.64,7.167
54700,2.984,2.872,0.000451,102437,54.64,7.17
54720,2.82,2.861,0.000451,102440,54.64,7.172
54740,2.768,2.856,0.000451,102440,54.64,7.175
54760,2.861,2.845,0.000451,102443,54.64,7.178
54780,2.884,2.849,0.000451,102446,54.64,7.18
54800,2.995,2.858,0.000451,102449,54.64,7.183
54820,2.83,2.888,0.00045,102450,54.64,7.185
54840,2.955,2.811,0.00045,102453,54.64,7.188
54860,2.987,2.883,0.00045,102456,54.64,7.191
54880,2.893,2.859,0.00045,102459,54.64,7.193
54900,2.721,2.801,0.00045,102459,54.64,7.196
54920,2.779,2.838,0.00045,102462,54.64,7.199
54940,2.801,2.912,0.00045,102465,54.64,7.201
54960,2.879,2.858,0.00045,102468,54.64,7.204
54980,2.859,2.843,0.00045,102468,54.64,7.206
55000,2.867,2.865,0.00045,102452,54.64,7.209
55020,2.873,2.84,0.000449,102417,54.64,7.212
55040,2.874,2.86,0.000449,102419,54.64,7.214
55060,2.897,2.847,0.000449,102420,54.64,7.217
55080,2.721,2.841,0.000449,102423,54.64,7.22
55100,2.91,2.828,0.000449,102426,54.64,7.222
55120,2.873,2.837,0.000449,102429,54.64,7.225
55140,2.837,2.843,0.000449,102429,54.64,7.227
55160,2.806,2.831,0.000449,102432,54.64,7.23
55180,2.846,2.811,0.000449,102435,54.64,7.233
55200,2.806,2.862,0.000449,102438,54.64,7.235
55220,2.989,2.837,0.000448,102438,54.64,7.238
55240,2.874,2.851,0.000448,102441,54.64,7.241
55260,2.819,2.885,0.000448,102444,54.64,7.243
55280,2.967,2.843,0.000448,102447,54.64,7.246
55300,2.829,2.858,0.000448,102448,54.64,7.248
55320,2.943,2.909,0.000448,102451,54.64,7.251
55340,2.806,2.862,0.000448,102454,54.64,7.254
55360,2.929,2.825,0.000448,102457,54.64,7.256
55380,2.884,2.867,0.000448,102457,54.64,7.259
55400,2.93,2.84,0.000448,102460,54.64,7.262
55420,2.896,2.867,0.000447,102463,54.64,7.264
55440,2.858,2.845,0.000447,102466,54.64,7.267
55460,2.8,2.874,0.000447,102466,54.64,7.269
55480,2.716,2.864,0.000447,102469,54.64,7.272
55500,2.773,2.839,0.000447,102454,54.64,7.275
55520,2.686,2.789,0.000447,102420,54.64,7.277
55540,2.777,2.843,0.000447,102421,54.64,7.28
55560,2.887,2.825,0.000447,102424,54.64,7.282
55580,2.933,2.863,0.000447,102427,54.64,7.285
55600,2.857,2.888,0.000447,102429,54.64,7.288
55620,2.862,2.838,0.000446,102430,54.64,7.29
55640,2.953,2.855,0.000446,102433,54.64,7.293
55660,2.702,2.841,0.000446,102436,54.64,7.296
55680,2.835,2.847,0.000446,102439,54.64,7.298
55700,2.831,2.839,0.000446,102439,54.64,7.301
55720,2.911,2.866,0.000446,102442,54.64,7.303
55740,2.89,2.856,0.000446,102445,54.64,7.306
55760,2.95,2.8,0.000446,102448,54.64,7.309
55780,2.813,2.837,0.000446,102448,54.64,7.311
55800,2.753,2.804,0.000446,102451,54.64,7.314
55820,2.75,2.819,0.000445,102454,54.64,7.317
55840,2.773,2.837,0.000445,102457,54.64,7.319
55860,2.687,2.839,0.000445,102457,54.64,7.322
55880,2.894,2.848,0.000445,102460,54.64,7.324
55900,2.769,2.835,0.000445,102463,54.64,7.327
55920,2.794,2.858,0.000445,102466,54.64,7.33
55940,2.888,2.874,0.000445,102466,54.64,7.332
55960,2.839,2.8,0.000445,102469,54.64,7.335
55980,2.862,2.828,0.000445,102472,54.64,7.338
56000,2.837,2.861,0.000444,102456,54.64,7.34
56020,2.7,2.788,0.000444,102420,54.64,7.343
56040,2.837,2.867,0.000444,102423,54.64,7.345
56060,2.853,2.841,0.000444,102426,54.64,7.348
56080,3.018,2.821,0.000444,102428,54.64,7.351
56100,2.881,2.888,0.000444,102429,54.64,7.353
56120,2.806,2.791,0.000444,102432,54.64,7.356
56140,2.833,2.888,0.000444,102435,54.64,7.359
56160,2.79,2.856,0.000444,102438,54.64,7.361
56180,2.847,2.831,0.000444,102438,54.64,7.364
56200,2.736,2.808,0.000443,102441,54.64,7.366
56220,2.819,2.866,0.000443,102444,54.64,7.369
56240,2.867,2.84,0.000443,102447,54.64,7.372
56260,2.892,2.831,0.000443,102447,54.64,7.374
56280,2.806,2.84,0.000443,102450,54.64,7.377
56300,2.961,2.848,0.000443,102453,54.64,7.379
56320,2.915,2.789,0.000443,102456,54.64,7.382
56340,2.92,2.866,0.000443,102456,54.64,7.385
56360,2.865,2.858,0.000443,102459,54.64,7.387
56380,3.091,2.85,0.000443,102462,54.64,7.39
56400,2.811,2.862,0.000442,102465,54.64,7.393
56420,2.79,2.837,0.000442,102466,54.64,7.395
56440,2.788,2.83,0.000442,102468,54.64,7.398
56460,2.899,2.855,0.000442,102471,54.64,7.4
56480,2.792,2.872,0.000442,102474,54.64,7.403
56500,2.945,2.868,0.000442,102456,54.64,7.406
56520,2.887,2.85,0.000442,102423,54.64,7.408
56540,2.901,2.836,0.000442,102426,54.64,7.411
56560,2.827,2.856,0.000442,102429,54.64,7.414
56580,2.83,2.841,0.000442,102429,54.64,7.416
56600,2.766,2.847,0.000441,102432,54.64,7.419
56620,2.831,2.856,0.000441,102435,54.64,7.421
56640,2.816,2.841,0.000441,102438,54.64,7.424
56660,2.79,2.819,0.000441,102438,54.64,7.427
56680,2.888,2.855,0.000441,102441,54.64,7.429
56700,2.838,2.863,0.000441,102444,54.64,7.432
56720,2.754,2.843,0.000441,102447,54.64,7.435
56740,2.816,2.821,0.000441,102447,54.64,7.437
56760,3.048,2.81,0.000441,102450,54.64,7.44
56780,2.866,2.809,0.000441,102453,54.64,7.442
56800,2.864,2.818,0.00044,102456,54.64,7.445
56820,2.633,2.814,0.00044,102456,54.64,7.448
56840,2.806,2.817,0.00044,102459,54.64,7.45
56860,2.894,2.842,0.00044,102462,54.64,7.453
56880,2.827,2.834,0.00044,102465,54.64,7.456
56900,2.851,2.898,0.00044,102465,54.64,7.458
56920,2.942,2.839,0.00044,102468,54.64,7.461
56940,2.741,2.838,0.00044,102471,54.64,7.463
56960,2.891,2.843,0.00044,102474,54.64,7.466
56980,2.899,2.81,0.000439,102474,54.64,7.469
57000,2.873,2.785,0.000439,102460,54.64,7.471
57020,2.822,2.872,0.000439,102427,54.64,7.474
57040,2.876,2.828,0.000439,102430,54.64,7.476
57060,2.742,2.82,0.000439,102431,54.64,7.479
57080,2.736,2.798,0.000439,102433,54.64,7.482
57100,2.909,2.841,0.000439,102436,54.64,7.484
57120,2.868,2.817,0.000439,102439,54.64,7.487
57140,2.829,2.853,0.000439,102440,54.64,7.49
57160,2.767,2.849,0.000439,102442,54.64,7.492
57180,2.795,2.905,0.000438,102445,54.64,7.495
57200,3.009,2.867,0.000438,102448,54.64,7.497
57220,2.814,2.864,0.000438,102449,54.64,7.5
57240,2.79,2.819,0.000438,102451,54.64,7.503
57260,2.756,2.867,0.000438,102454,54.64,7.505
57280,2.725,2.805,0.000438,102457,54.64,7.508
57300,2.801,2.844,0.000438,102458,54.64,7.511
57320,3.043,2.903,0.000438,102460,54.64,7.513
57340,2.931,2.829,0.000438,102463,54.64,7.516
57360,2.856,2.89,0.000438,102466,54.64,7.518
57380,3.008,2.89,0.000437,102466,54.64,7.521
57400,2.758,2.859,0.000437,102469,54.64,7.524
57420,2.802,2.86,0.000437,102472,54.64,7.526
57440,2.84,2.866,0.000437,102475,54.64,7.529
57460,3.005,2.831,0.000437,102475,54.64,7.532
57480,2.77,2.855,0.000437,102478,54.64,7.534
57500,2.848,2.836,0.000437,102463,54.64,7.537
57520,2.701,2.821,0.000437,102431,54.64,7.539
57540,2.759,2.889,0.000437,102431,54.64,7.542
57560,2.877,2.863,0.000437,102434,54.64,7.545
57580,2.949,2.868,0.000436,102437,54.64,7.547
57600,2.974,2.814,0.000436,102439,54.64,7.55
57620,2.903,2.828,0.000436,102440,54.64,7.552
57640,2.832,2.84,0.000436,102443,54.64,7.555
57660,2.853,2.858,0.000436,102445,54.64,7.558
57680,2.783,2.806,0.000436,102448,54.64,7.56
57700,2.815,2.856,0.000436,102449,54.64,7.563
57720,2.917,2.884,0.000436,102451,54.64,7.566
57740,2.756,2.889,0.000436,102454,54.64,7.568
57760,2.823,2.849,0.000435,102457,54.64,7.571
57780,2.765,2.881,0.000435,102457,54.64,7.573
57800,2.961,2.818,0.000435,102460,54.64,7.576
57820,2.849,2.869,0.000435,102463,54.64,7.579
57840,2.8,2.848,0.000435,102466,54.64,7.581
57860,2.827,2.816,0.000435,102466,54.64,7.584
57880,2.807,2.869,0.000435,102469,54.64,7.587
57900,2.759,2.811,0.000435,102472,54.64,7.589
57920,2.804,2.841,0.000435,102475,54.64,7.592
57940,2.797,2.872,0.000435,102475,54.64,7.594
57960,2.861,2.823,0.000434,102478,54.64,7.597
57980,2.739,2.881,0.000434,102481,54.64,7.6
58000,2.811,2.814,0.000434,102465,54.64,7.602
58020,2.875,2.803,0.000434,102431,54.64,7.605
58040,2.878,2.825,0.000434,102433,54.64,7.608
58060,2.81,2.828,0.000434,102436,54.64,7.61
58080,2.833,2.783,0.000434,102439,54.64,7.613
58100,2.796,2.825,0.000434,102440,54.64,7.615
58120,2.854,2.83,0.000434,102442,54.64,7.618
58140,2.845,2.853,0.000434,102445,54.64,7.621
58160,2.895,2.778,0.000433,102448,54.64,7.623
58180,2.761,2.761,0.000433,102448,54.64,7.626
58200,2.704,2.84,0.000433,102451,54.64,7.629
58220,2.947,2.849,0.000433,102454,54.64,7.631
58240,2.84,2.81,0.000433,102457,54.64,7.634
58260,2.824,2.839,0.000433,102457,54.64,7.636
58280,2.866,2.838,0.000433,102460,54.64,7.639
58300,2.996,2.881,0.000433,102463,54.64,7.642
58320,2.828,2.908,0.000433,102465,54.64,7.644
58340,2.726,2.853,0.000432,102466,54.64,7.647
58360,2.782,2.822,0.000432,102469,54.64,7.649
58380,2.749,2.827,0.000432,102471,54.64,7.652
58400,2.851,2.839,0.000432,102474,54.64,7.655
58420,2.817,2.87,0.000432,102474,54.64,7.657
58440,2.862,2.865,0.000432,102477,54.64,7.66
58460,2.834,2.836,0.000432,102480,54.64,7.663
58480,2.884,2.856,0.000432,102483,54.64,7.665
58500,2.923,2.794,0.000432,102466,54.64,7.668
58520,2.852,2.84,0.000432,102433,54.64,7.67
58540,2.764,2.824,0.000431,102436,54.64,7.673
58560,2.932,2.847,0.000431,102439,54.64,7.676
58580,2.885,2.822,0.000431,102439,54.64,7.678
58600,2.881,2.857,0.000431,102442,54.64,7.681
58620,2.917,2.808,0.000431,102445,54.64,7.684
58640,2.591,2.852,0.000431,102446,54.64,7.686
58660,2.872,2.852,0.000431,102447,54.64,7.689
58680,2.879,2.838,0.000431,102450,54.64,7.691
58700,2.747,2.839,0.000431,102452,54.64,7.694
58720,2.814,2.842,0.00043,102455,54.64,7.697
58740,2.829,2.831,0.00043,102455,54.64,7.699
58760,2.786,2.825,0.00043,102458,54.64,7.702
58780,2.783,2.838,0.00043,102461,54.64,7.705
58800,2.867,2.825,0.00043,102464,54.64,7.707
58820,2.858,2.85,0.00043,102464,54.64,7.71
58840,2.941,2.807,0.00043,102467,54.64,7.712
58860,2.917,2.881,0.00043,102470,54.64,7.715
58880,2.852,2.814,0.00043,102472,54.64,7.718
58900,2.8,2.851,0.00043,102473,54.64,7.72
58920,2.824,2.852,0.000429,102476,54.64,7.723
58940,2.73,2.826,0.000429,102478,54.64,7.726
58960,2.811,2.814,0.000429,102481,54.64,7.728
58980,2.931,2.845,0.000429,102482,54.64,7.731
59000,2.853,2.838,0.000429,102467,54.64,7.733
59020,2.823,2.817,0.000429,102435,54.64,7.736
59040,2.812,2.805,0.000429,102437,54.64,7.739
59060,2.778,2.818,0.000429,102438,54.64,7.741
59080,2.832,2.843,0.000429,102441,54.64,7.744
59100,2.795,2.859,0.000429,102443,54.64,7.746
59120,2.944,2.878,0.000428,102446,54.64,7.749
59140,2.717,2.871,0.000428,102447,54.64,7.752
59160,2.916,2.851,0.000428,102449,54.64,7.754
59180,2.661,2.8,0.000428,102452,54.64,7.757
59200,2.879,2.812,0.000428,102455,54.64,7.76
59220,2.857,2.785,0.000428,102455,54.64,7.762
59240,2.824,2.815,0.000428,102458,54.64,7.765
59260,2.859,2.829,0.000428,102461,54.64,7.767
59280,2.88,2.836,0.000428,102463,54.64,7.77
59300,3.012,2.805,0.000427,102464,54.64,7.773
59320,2.903,2.855,0.000427,102466,54.64,7.775
59340,2.963,2.842,0.000427,102469,54.64,7.778
59360,2.73,2.864,0.000427,102472,54.64,7.781
59380,2.863,2.866,0.000427,102472,54.64,7.783
59400,2.721,2.855,0.000427,102475,54.64,7.786
59420,2.779,2.848,0.000427,102478,54.64,7.788
59440,2.837,2.86,0.000427,102480,54.64,7.791
59460,2.718,2.847,0.000427,102481,54.64,7.794
59480,2.816,2.841,0.000427,102484,54.64,7.796
59500,2.973,2.821,0.000426,102469,54.64,7.799
59520,2.863,2.839,0.000426,102437,54.64,7.802
59540,2.921,2.844,0.000426,102438,54.64,7.804
59560,2.765,2.829,0.000426,102440,54.64,7.807
59580,2.817,2.802,0.000426,102443,54.64,7.809
59600,2.632,2.816,0.000426,102446,54.64,7.812
59620,2.775,2.842,0.000426,102446,54.64,7.815
59640,2.876,2.798,0.000426,102449,54.64,7.817
59660,2.866,2.807,0.000426,102452,54.64,7.82
59680,2.914,2.865,0.000425,102454,54.64,7.823
59700,2.701,2.845,0.000425,102455,54.64,7.825
59720,2.878,2.849,0.000425,102458,54.64,7.828
59740,2.773,2.822,0.000425,102460,54.64,7.83
59760,2.88,2.858,0.000425,102463,54.64,7.833
59780,2.78,2.861,0.000425,102463,54.64,7.836
59800,2.879,2.825,0.000425,102466,54.64,7.838
59820,2.957,2.785,0.000425,102469,54.64,7.841
59840,2.952,2.862,0.000425,102471,54.64,7.843
59860,2.797,2.838,0.000425,102472,54.64,7.846
59880,2.806,2.845,0.000424,102474,54.64,7.849
59900,2.853,2.818,0.000424,102477,54.64,7.851
59920,2.88,2.784,0.000424,102480,54.64,7.854
59940,2.897,2.9,0.000424,102480,54.64,7.857
59960,2.869,2.833,0.000424,102483,54.64,7.859
59980,2.828,2.827,0.000424,102485,54.64,7.862
60000,2.736,2.862,0.000424,102471,54.64,7.864
60020,2.731,2.84,0.000424,102437,54.64,7.867
60040,2.687,2.829,0.000424,102440,54.64,7.87
60060,2.794,2.813,0.000423,102443,54.64,7.872
60080,2.831,2.872,0.000423,102445,54.64,7.875
60100,2.755,2.854,0.000423,102446,54.64,7.878
60120,2.864,2.829,0.000423,102448,54.64,7.88
60140,2.646,2.847,0.000423,102451,54.64,7.883
60160,2.626,2.83,0.000423,102454,54.64,7.885
60180,2.864,2.835,0.000423,102454,54.64,7.888
60200,2.882,2.799,0.000423,102457,54.64,7.891
60220,2.884,2.823,0.000423,102460,54.64,7.893
60240,2.891,2.826,0.000423,102462,54.64,7.896
60260,2.877,2.857,0.000422,102463,54.64,7.899
60280,2.886,2.834,0.000422,102465,54.64,7.901
60300,2.955,2.792,0.000422,102468,54.64,7.904
60320,2.754,2.852,0.000422,102471,54.64,7.906
60340,2.972,2.871,0.000422,102471,54.64,7.909
60360,2.877,2.811,0.000422,102474,54.64,7.912
60380,2.737,2.786,0.000422,102477,54.64,7.914
60400,2.912,2.822,0.000422,102479,54.64,7.917
60420,2.899,2.876,0.000422,102480,54.64,7.92
60440,2.824,2.874,0.000421,102482,54.64,7.922
60460,2.95,2.868,0.000421,102485,54.64,7.925
60480,2.763,2.833,0.000421,102488,54.64,7.927
60500,2.931,2.833,0.000421,102471,54.64,7.93
60520,2.988,2.782,0.000421,102440,54.64,7.933
60540,2.844,2.808,0.000421,102443,54.64,7.935
60560,2.839,2.896,0.000421,102445,54.64,7.938
60580,2.827,2.808,0.000421,102446,54.64,7.94
60600,2.848,2.862,0.000421,102448,54.64,7.943
60620,2.85,2.79,0.000421,102451,54.64,7.946
60640,2.849,2.836,0.00042,102454,54.64,7.948
60660,2.883,2.828,0.00042,102454,54.64,7.951
60680,2.752,2.817,0.00042,102457,54.64,7.954
60700,2.833,2.855,0.00042,102460,54.64,7.956
60720,2.731,2.868,0.00042,102462,54.64,7.959
60740,2.833,2.816,0.00042,102463,54.64,7.961
60760,2.886,2.877,0.00042,102465,54.64,7.964
60780,2.8,2.84,0.00042,102468,54.64,7.967
60800,2.887,2.816,0.00042,102471,54.64,7.969
60820,2.78,2.818,0.000419,102471,54.64,7.972
60840,2.874,2.859,0.000419,102474,54.64,7.975
60860,2.818,2.798,0.000419,102476,54.64,7.977
60880,3.011,2.871,0.000419,102479,54.64,7.98
60900,2.836,2.851,0.000419,102479,54.64,7.982
60920,2.747,2.862,0.000419,102482,54.64,7.985
60940,2.831,2.842,0.000419,102485,54.64,7.988
60960,2.866,2.803,0.000419,102487,54.64,7.99
60980,2.735,2.835,0.000419,102487,54.64,7.993
61000,2.86,2.837,0.000418,102473,54.64,7.996
61020,2.884,2.84,0.000418,102442,54.64,7.998
61040,2.84,2.854,0.000418,102445,54.64,8.001
61060,2.672,2.823,0.000418,102445,54.64,8.003
61080,2.872,2.829,0.000418,102448,54.64,8.006
61100,2.925,2.849,0.000418,102451,54.64,8.009
61120,2.876,2.871,0.000418,102453,54.64,8.011
61140,2.883,2.826,0.000418,102454,54.64,8.014
61160,2.859,2.857,0.000418,102456,54.64,8.016
61180,2.778,2.86,0.000418,102459,54.64,8.019
61200,2.89,2.81,0.000417,102462,54.64,8.022
61220,2.857,2.807,0.000417,102462,54.64,8.024
61240,2.911,2.836,0.000417,102465,54.64,8.027
61260,2.811,2.885,0.000417,102467,54.64,8.03
61280,2.795,2.821,0.000417,102470,54.64,8.032
61300,2.793,2.828,0.000417,102470,54.64,8.035
61320,2.774,2.855,0.000417,102473,54.64,8.037
61340,2.764,2.798,0.000417,102475,54.64,8.04
61360,2.728,2.866,0.000417,102478,54.64,8.043
61380,2.754,2.861,0.000416,102479,54.64,8.045
61400,2.789,2.813,0.000416,102481,54.64,8.048
61420,2.727,2.832,0.000416,102484,54.64,8.051
61440,2.921,2.855,0.000416,102486,54.64,8.053
61460,2.852,2.799,0.000416,102487,54.64,8.056
61480,2.812,2.805,0.000416,102489,54.64,8.058
61500,2.938,2.779,0.000416,102476,54.64,8.061
61520,2.737,2.823,0.000416,102445,54.64,8.064
61540,2.85,2.841,0.000416,102446,54.64,8.066
61560,2.903,2.838,0.000416,102448,54.64,8.069
61580,2.874,2.85,0.000415,102451,54.64,8.072
61600,2.988,2.818,0.000415,102454,54.64,8.074
61620,2.865,2.826,0.000415,102454,54.64,8.077
61640,2.777,2.86,0.000415,102457,54.64,8.079
61660,2.828,2.829,0.000415,102459,54.64,8.082
61680,2.889,2.852,0.000415,102462,54.64,8.085
61700,2.83,2.821,0.000415,102462,54.64,8.087
61720,2.711,2.831,0.000415,102465,54.64,8.09
61740,2.781,2.779,0.000415,102468,54.64,8.093
61760,2.838,2.876,0.000414,102470,54.64,8.095
61780,2.835,2.854,0.000414,102471,54.64,8.098
61800,2.933,2.785,0.000414,102473,54.64,8.1
61820,2.873,2.814,0.000414,102476,54.64,8.103
61840,2.856,2.789,0.000414,102478,54.64,8.106
61860,2.772,2.844,0.000414,102479,54.64,8.108
61880,2.86,2.812,0.000414,102481,54.64,8.111
61900,2.881,2.853,0.000414,102484,54.64,8.113
61920,2.896,2.8,0.000414,102486,54.64,8.116
61940,2.743,2.793,0.000413,102487,54.64,8.119
61960,2.838,2.784,0.000413,102489,54.64,8.121
61980,2.947,2.813,0.000413,102492,54.64,8.124
62000,2.867,2.832,0.000413,102478,54.64,8.127
62020,2.89,2.801,0.000413,102446,54.64,8.129
62040,2.801,2.835,0.000413,102449,54.64,8.132
62060,2.773,2.85,0.000413,102451,54.64,8.134
62080,2.839,2.844,0.000413,102454,54.64,8.137
62100,2.869,2.875,0.000413,102454,54.64,8.14
62120,2.852,2.815,0.000413,102457,54.64,8.142
62140,2.888,2.818,0.000412,102460,54.64,8.145
62160,2.879,2.829,0.000412,102462,54.64,8.148
62180,2.966,2.867,0.000412,102462,54.64,8.15
62200,2.946,2.82,0.000412,102465,54.64,8.153
62220,2.955,2.859,0.000412,102468,54.64,8.155
62240,2.779,2.822,0.000412,102470,54.64,8.158
62260,2.817,2.836,0.000412,102471,54.64,8.161
62280,2.724,2.802,0.000412,102473,54.64,8.163
62300,2.79,2.818,0.000412,102476,54.64,8.166
62320,2.798,2.823,0.000411,102478,54.64,8.169
62340,2.623,2.826,0.000411,102479,54.64,8.171
62360,2.921,2.819,0.000411,102481,54.64,8.174
62380,2.798,2.85,0.000411,102484,54.64,8.176
62400,2.89,2.852,0.000411,102486,54.64,8.179
62420,2.699,2.871,0.000411,102487,54.64,8.182
62440,2.871,2.809,0.000411,102489,54.64,8.184
62460,2.881,2.816,0.000411,102492,54.64,8.187
62480,2.797,2.805,0.000411,102494,54.64,8.19
62500,2.89,2.832,0.00041,102478,54.64,8.192
62520,2.869,2.824,0.00041,102448,54.64,8.195
62540,2.715,2.81,0.00041,102451,54.64,8.197
62560,2.828,2.81,0.00041,102453,54.64,8.2
62580,2.838,2.861,0.00041,102454,54.64,8.203
62600,2.7,2.786,0.00041,102456,54.64,8.205
62620,2.92,2.901,0.00041,102459,54.64,8.208
62640,2.851,2.803,0.00041,102461,54.64,8.21
62660,2.767,2.838,0.00041,102462,54.64,8.213
62680,2.834,2.851,0.00041,102464,54.64,8.216
62700,2.864,2.83,0.000409,102467,54.64,8.218
62720,2.735,2.821,0.000409,102469,54.64,8.221
62740,2.76,2.813,0.000409,102470,54.64,8.224
62760,2.687,2.863,0.000409,102472,54.64,8.226
62780,2.787,2.784,0.000409,102475,54.64,8.229
62800,2.792,2.84,0.000409,102477,54.64,8.231
62820,2.819,2.885,0.000409,102478,54.64,8.234
62840,2.764,2.846,0.000409,102480,54.64,8.237
62860,2.72,2.802,0.000409,102483,54.64,8.239
62880,2.855,2.836,0.000408,102485,54.64,8.242
62900,2.853,2.803,0.000408,102486,54.64,8.245
62920,2.725,2.834,0.000408,102488,54.64,8.247
62940,2.814,2.827,0.000408,102491,54.64,8.25
62960,2.709,2.769,0.000408,102493,54.64,8.252
62980,2.768,2.814,0.000408,102494,54.64,8.255
63000,2.865,2.856,0.000408,102480,54.64,8.258
63020,2.857,2.787,0.000408,102450,54.64,8.26
63040,2.87,2.833,0.000408,102453,54.64,8.263
63060,2.765,2.827,0.000407,102453,54.64,8.266
63080,2.851,2.854,0.000407,102456,54.64,8.268
63100,2.901,2.818,0.000407,102458,54.64,8.271
63120,2.825,2.822,0.000407,102461,54.64,8.273
63140,2.8,2.853,0.000407,102461,54.64,8.276
63160,2.962,2.842,0.000407,102464,54.64,8.279
63180,2.877,2.801,0.000407,102466,54.64,8.281
63200,2.696,2.867,0.000407,102469,54.64,8.284
63220,2.833,2.784,0.000407,102469,54.64,8.287
63240,2.831,2.852,0.000407,102472,54.64,8.289
63260,2.932,2.855,0.000406,102474,54.64,8.292
63280,2.825,2.855,0.000406,102477,54.64,8.294
63300,2.789,2.829,0.000406,102477,54.64,8.297
63320,2.841,2.81,0.000406,102480,54.64,8.3
63340,2.923,2.788,0.000406,102482,54.64,8.302
63360,2.671,2.797,0.000406,102485,54.64,8.305
63380,2.803,2.839,0.000406,102485,54.64,8.307
63400,2.719,2.823,0.000406,102488,54.64,8.31
63420,2.763,2.791,0.000406,102490,54.64,8.313
63440,2.976,2.832,0.000405,102493,54.64,8.315
63460,2.785,2.824,0.000405,102493,54.64,8.318
63480,2.742,2.807,0.000405,102496,54.64,8.321
63500,2.799,2.762,0.000405,102482,54.64,8.323
63520,2.899,2.807,0.000405,102452,54.64,8.326
63540,2.873,2.822,0.000405,102452,54.64,8.328
63560,2.89,2.865,0.000405,102455,54.64,8.331
63580,2.749,2.851,0.000405,102457,54.64,8.334
63600,2.712,2.805,0.000405,102460,54.64,8.336
63620,2.907,2.861,0.000404,102460,54.64,8.339
63640,2.728,2.843,0.000404,102463,54.64,8.342
63660,2.84,2.762,0.000404,102465,54.64,8.344
63680,2.796,2.868,0.000404,102468,54.64,8.347
63700,2.757,2.813,0.000404,102468,54.64,8.349
63720,2.874,2.808,0.000404,102471,54.64,8.352
63740,2.839,2.8,0.000404,102473,54.64,8.355
63760,2.811,2.843,0.000404,102476,54.64,8.357
63780,2.939,2.841,0.000404,102476,54.64,8.36
63800,2.646,2.873,0.000403,102479,54.64,8.363
63820,2.911,2.779,0.000403,102481,54.64,8.365
63840,2.791,2.852,0.000403,102484,54.64,8.368
63860,2.971,2.891,0.000403,102484,54.64,8.37
63880,2.672,2.808,0.000403,102487,54.64,8.373
63900,2.767,2.823,0.000403,102489,54.64,8.376
63920,2.929,2.829,0.000403,102492,54.64,8.378
63940,2.811,2.798,0.000403,102492,54.64,8.381
63960,2.751,2.868,0.000403,102495,54.64,8.383
63980,2.854,2.849,0.000403,102497,54.64,8.386
64000,2.813,2.829,0.000402,102485,54.64,8.389
64020,2.761,2.853,0.000402,102456,54.64,8.391
64040,2.749,2.839,0.000402,102458,54.64,8.394
64060,2.739,2.858,0.000402,102461,54.64,8.397
64080,2.963,2.814,0.000402,102463,54.64,8.399
64100,2.758,2.803,0.000402,102464,54.64,8.402
64120,3.086,2.835,0.000402,102466,54.64,8.404
64140,2.854,2.836,0.000402,102469,54.64,8.407
64160,2.843,2.802,0.000402,102471,54.64,8.41
64180,2.865,2.817,0.000401,102472,54.64,8.412
64200,2.846,2.778,0.000401,102474,54.64,8.415
64220,2.757,2.882,0.000401,102477,54.64,8.418
64240,2.681,2.818,0.000401,102479,54.64,8.42
64260,2.697,2.816,0.000401,102479,54.64,8.423
64280,2.857,2.821,0.000401,102482,54.64,8.425
64300,2.635,2.827,0.000401,102484,54.64,8.428
64320,2.753,2.791,0.000401,102487,54.64,8.431
64340,2.819,2.819,0.000401,102487,54.64,8.433
64360,2.956,2.814,0.0004,102490,54.64,8.436
64380,2.781,2.836,0.0004,102492,54.64,8.439
64400,2.782,2.831,0.0004,102495,54.64,8.441
64420,2.803,2.812,0.0004,102495,54.64,8.444
64440,2.84,2.796,0.0004,102497,54.64,8.446
64460,2.804,2.849,0.0004,102500,54.64,8.449
64480,2.839,2.744,0.0004,102502,54.64,8.452
64500,2.763,2.822,0.0004,102484,54.64,8.454
64520,2.838,2.822,0.0004,102452,54.64,8.457
64540,2.757,2.803,0.000399,102454,54.64,8.46
64560,2.797,2.807,0.000399,102457,54.64,8.462
64580,2.843,2.837,0.000399,102457,54.64,8.465
64600,2.909,2.839,0.000399,102460,54.64,8.467
64620,2.837,2.832,0.000399,102462,54.64,8.47
64640,2.744,2.85,0.000399,102465,54.64,8.473
64660,2.799,2.782,0.000399,102465,54.64,8.475
64680,2.73,2.85,0.000399,102468,54.64,8.478
64700,2.834,2.804,0.000399,102470,54.64,8.48
64720,2.909,2.859,0.000399,102473,54.64,8.483
64740,2.925,2.839,0.000398,102473,54.64,8.486
64760,2.905,2.803,0.000398,102475,54.64,8.488
64780,2.71,2.842,0.000398,102478,54.64,8.491
64800,2.743,2.838,0.000398,102480,54.64,8.494
64820,2.798,2.816,0.000398,102481,54.64,8.496
64840,2.819,2.807,0.000398,102483,54.64,8.499
64860,2.843,2.828,0.000398,102486,54.64,8.501
64880,2.946,2.811,0.000398,102488,54.64,8.504
64900,2.788,2.822,0.000398,102488,54.64,8.507
64920,2.811,2.841,0.000397,102491,54.64,8.509
64940,2.836,2.832,0.000397,102493,54.64,8.512
64960,2.795,2.834,0.000397,102496,54.64,8.515
64980,2.629,2.856,0.000397,102496,54.64,8.517
65000,2.679,2.754,0.000397,102483,54.64,8.52
65020,2.742,2.795,0.000397,102457,54.64,8.522
65040,2.783,2.837,0.000397,102459,54.64,8.525
65060,2.659,2.826,0.000397,102460,54.64,8.528
65080,2.771,2.836,0.000397,102462,54.64,8.53
65100,2.798,2.763,0.000396,102465,54.64,8.533
65120,2.857,2.853,0.000396,102467,54.64,8.536
65140,2.844,2.848,0.000396,102467,54.64,8.538
65160,2.854,2.834,0.000396,102470,54.64,8.541
65180,2.867,2.792,0.000396,102472,54.64,8.543
65200,2.86,2.778,0.000396,102475,54.64,8.546
65220,2.914,2.86,0.000396,102475,54.64,8.549
65240,2.774,2.844,0.000396,102477,54.64,8.551
65260,2.856,2.829,0.000396,102480,54.64,8.554
65280,2.74,2.826,0.000395,102482,54.64,8.557
65300,2.695,2.795,0.000395,102483,54.64,8.559
65320,2.893,2.825,0.000395,102485,54.64,8.562
65340,2.849,2.883,0.000395,102488,54.64,8.564
65360,2.78,2.787,0.000395,102490,54.64,8.567
65380,2.869,2.871,0.000395,102491,54.64,8.57
65400,2.932,2.832,0.000395,102493,54.64,8.572
65420,2.811,2.842,0.000395,102495,54.64,8.575
65440,2.839,2.848,0.000395,102498,54.64,8.577
65460,2.736,2.79,0.000394,102498,54.64,8.58
65480,2.944,2.864,0.000394,102501,54.64,8.583
65500,2.841,2.824,0.000394,102487,54.64,8.585
65520,2.817,2.784,0.000394,102456,54.64,8.588
65540,2.817,2.822,0.000394,102457,54.64,8.591
65560,2.835,2.827,0.000394,102459,54.64,8.593
65580,2.747,2.813,0.000394,102462,54.64,8.596
65600,2.828,2.81,0.000394,102464,54.64,8.598
65620,2.711,2.799,0.000394,102464,54.64,8.601
65640,2.84,2.863,0.000394,102467,54.64,8.604
65660,2.759,2.775,0.000393,102469,54.64,8.606
65680,3.099,2.862,0.000393,102472,54.64,8.609
65700,3.011,2.797,0.000393,102472,54.64,8.612
65720,2.711,2.824,0.000393,102475,54.64,8.614
65740,2.908,2.839,0.000393,102477,54.64,8.617
65760,2.781,2.82,0.000393,102480,54.64,8.619
65780,2.834,2.828,0.000393,102480,54.64,8.622
65800,2.773,2.839,0.000393,102482,54.64,8.625
65820,2.963,2.841,0.000393,102485,54.64,8.627
65840,2.749,2.811,0.000392,102487,54.64,8.63
65860,2.674,2.792,0.000392,102488,54.64,8.633
65880,2.929,2.85,0.000392,102490,54.64,8.635
65900,2.81,2.82,0.000392,102493,54.64,8.638
65920,2.764,2.821,0.000392,102495,54.64,8.64
65940,3.03,2.81,0.000392,102496,54.64,8.643
65960,2.857,2.801,0.000392,102498,54.64,8.646
65980,2.787,2.872,0.000392,102500,54.64,8.648
66000,2.767,2.865,0.000392,102490,54.64,8.651
66020,2.805,2.857,0.000391,102458,54.64,8.654
66040,2.848,2.861,0.000391,102460,54.64,8.656
66060,2.826,2.824,0.000391,102463,54.64,8.659
66080,2.783,2.823,0.000391,102465,54.64,8.661
66100,2.88,2.821,0.000391,102466,54.64,8.664
66120,2.736,2.781,0.000391,102468,54.64,8.667
66140,2.961,2.844,0.000391,102470,54.64,8.669
66160,2.96,2.795,0.000391,102473,54.64,8.672
66180,2.855,2.799,0.000391,102473,54.64,8.674
66200,2.842,2.872,0.00039,102476,54.64,8.677
66220,2.949,2.788,0.00039,102478,54.64,8.68
66240,2.837,2.841,0.00039,102481,54.64,8.682
66260,2.845,2.831,0.00039,102481,54.64,8.685
66280,2.718,2.824,0.00039,102483,54.64,8.688
66300,2.803,2.848,0.00039,102486,54.64,8.69
66320,2.888,2.82,0.00039,102488,54.64,8.693
66340,2.808,2.825,0.00039,102489,54.64,8.695
66360,2.881,2.835,0.00039,102491,54.64,8.698
66380,2.865,2.822,0.000389,102494,54.64,8.701
66400,2.819,2.879,0.000389,102496,54.64,8.703
66420,2.81,2.77,0.000389,102496,54.64,8.706
66440,2.86,2.814,0.000389,102499,54.64,8.709
66460,2.937,2.834,0.000389,102501,54.64,8.711
66480,2.884,2.821,0.000389,102504,54.64,8.714
66500,2.915,2.835,0.000389,102488,54.64,8.716
66520,2.775,2.827,0.000389,102457,54.64,8.719
66540,2.879,2.777,0.000389,102460,54.64,8.722
66560,2.818,2.833,0.000388,102462,54.64,8.724
66580,2.866,2.879,0.000388,102463,54.64,8.727
66600,2.768,2.793,0.000388,102465,54.64,8.73
66620,2.743,2.79,0.000388,102467,54.64,8.732
66640,2.793,2.841,0.000388,102470,54.64,8.735
66660,2.857,2.858,0.000388,102470,54.64,8.737
66680,2.904,2.791,0.000388,102473,54.64,8.74
66700,2.985,2.839,0.000388,102475,54.64,8.743
66720,2.862,2.832,0.000388,102478,54.64,8.745
66740,2.754,2.813,0.000387,102478,54.64,8.748
66760,2.861,2.836,0.000387,102480,54.64,8.75
66780,2.75,2.788,0.000387,102483,54.64,8.753
66800,2.786,2.777,0.000387,102485,54.64,8.756
66820,2.865,2.819,0.000387,102485,54.64,8.758
66840,2.814,2.857,0.000387,102488,54.64,8.761
66860,2.84,2.851,0.000387,102490,54.64,8.764
66880,2.839,2.815,0.000387,102492,54.64,8.766
66900,2.88,2.818,0.000387,102493,54.64,8.769
66920,2.838,2.767,0.000386,102495,54.64,8.771
66940,2.779,2.831,0.000386,102498,54.64,8.774
66960,2.759,2.903,0.000386,102500,54.64,8.777
66980,2.808,2.789,0.000386,102500,54.64,8.779
67000,2.916,2.821,0.000386,102487,54.64,8.782
67020,2.833,2.809,0.000386,102456,54.64,8.785
67040,2.841,2.804,0.000386,102458,54.64,8.787
67060,2.809,2.842,0.000386,102458,54.64,8.79
67080,2.77,2.829,0.000386,102461,54.64,8.792
67100,2.802,2.84,0.000386,102463,54.64,8.795
67120,2.968,2.811,0.000385,102466,54.64,8.798
67140,2.816,2.829,0.000385,102466,54.64,8.8
67160,2.868,2.828,0.000385,102468,54.64,8.803
67180,2.791,2.867,0.000385,102471,54.64,8.806
67200,2.864,2.802,0.000385,102473,54.64,8.808
67220,2.703,2.817,0.000385,102474,54.64,8.811
67240,2.758,2.772,0.000385,102476,54.64,8.813
67260,2.9,2.753,0.000385,102478,54.64,8.816
67280,2.916,2.814,0.000385,102481,54.64,8.819
67300,2.748,2.829,0.000384,102481,54.64,8.821
67320,2.722,2.821,0.000384,102484,54.64,8.824
67340,2.957,2.805,0.000384,102486,54.64,8.827
67360,2.763,2.816,0.000384,102488,54.64,8.829
67380,2.757,2.79,0.000384,102489,54.64,8.832
67400,2.725,2.817,0.000384,102491,54.64,8.834
67420,2.878,2.84,0.000384,102493,54.64,8.837
67440,2.793,2.785,0.000384,102496,54.64,8.84
67460,2.806,2.792,0.000384,102496,54.64,8.842
67480,2.724,2.822,0.000383,102499,54.64,8.845
67500,2.794,2.82,0.000383,102485,54.64,8.847
67520,2.772,2.778,0.000383,102456,54.64,8.85
67540,2.773,2.839,0.000383,102456,54.64,8.853
67560,3.011,2.823,0.000383,102459,54.64,8.855
67580,2.832,2.801,0.000383,102461,54.64,8.858
67600,2.675,2.824,0.000383,102463,54.64,8.861
67620,2.884,2.826,0.000383,102464,54.64,8.863
67640,2.776,2.866,0.000383,102466,54.64,8.866
67660,2.728,2.804,0.000382,102469,54.64,8.868
67680,2.749,2.794,0.000382,102471,54.64,8.871
67700,2.839,2.843,0.000382,102471,54.64,8.874
67720,2.979,2.821,0.000382,102474,54.64,8.876
67740,2.782,2.789,0.000382,102476,54.64,8.879
67760,2.868,2.788,0.000382,102478,54.64,8.882
67780,2.857,2.827,0.000382,102479,54.64,8.884
67800,2.864,2.826,0.000382,102481,54.64,8.887
67820,2.801,2.869,0.000382,102483,54.64,8.889
67840,2.786,2.781,0.000381,102486,54.64,8.892
67860,2.7,2.776,0.000381,102486,54.64,8.895
67880,2.667,2.75,0.000381,102489,54.64,8.897
67900,2.898,2.869,0.000381,102491,54.64,8.9
67920,2.937,2.831,0.000381,102493,54.64,8.903
67940,2.819,2.801,0.000381,102494,54.64,8.905
67960,2.849,2.812,0.000381,102496,54.64,8.908
67980,2.837,2.843,0.000381,102498,54.64,8.91
68000,2.792,2.842,0.000381,102485,54.64,8.913
68020,2.689,2.761,0.00038,102456,54.64,8.916
68040,2.833,2.813,0.00038,102458,54.64,8.918
68060,2.878,2.853,0.00038,102460,54.64,8.921
68080,2.802,2.826,0.00038,102463,54.64,8.924
68100,2.823,2.844,0.00038,102463,54.64,8.926
68120,2.83,2.808,0.00038,102465,54.64,8.929
68140,2.842,2.833,0.00038,102468,54.64,8.931
68160,2.909,2.85,0.00038,102470,54.64,8.934
68180,2.788,2.809,0.00038,102470,54.64,8.937
68200,2.839,2.786,0.000379,102473,54.64,8.939
68220,2.876,2.818,0.000379,102475,54.64,8.942
68240,2.744,2.837,0.000379,102478,54.64,8.944
68260,2.773,2.771,0.000379,102478,54.64,8.947
68280,2.832,2.83,0.000379,102480,54.64,8.95
68300,2.847,2.771,0.000379,102483,54.64,8.952
68320,2.922,2.854,0.000379,102485,54.64,8.955
68340,2.753,2.842,0.000379,102485,54.64,8.958
68360,2.733,2.818,0.000379,102488,54.64,8.96
68380,2.918,2.79,0.000378,102490,54.64,8.963
68400,2.741,2.808,0.000378,102492,54.64,8.965
68420,2.811,2.799,0.000378,102493,54.64,8.968
68440,2.867,2.834,0.000378,102495,54.64,8.971
68460,2.757,2.792,0.000378,102497,54.64,8.973
68480,2.728,2.79,0.000378,102500,54.64,8.976
68500,2.813,2.816,0.000378,102485,54.64,8.979
68520,2.778,2.858,0.000378,102458,54.64,8.981
68540,2.788,2.819,0.000378,102460,54.64,8.984
68560,2.882,2.848,0.000377,102462,54.64,8.986
68580,2.795,2.828,0.000377,102463,54.64,8.989
68600,2.75,2.799,0.000377,102465,54.64,8.992
68620,2.713,2.824,0.000377,102467,54.64,8.994
68640,2.93,2.833,0.000377,102470,54.64,8.997
68660,2.655,2.842,0.000377,102470,54.64,9.0
68680,2.822,2.825,0.000377,102473,54.64,9.002
68700,2.915,2.824,0.000377,102475,54.64,9.005
68720,2.595,2.838,0.000377,102477,54.64,9.007
68740,2.743,2.829,0.000376,102478,54.64,9.01
68760,2.75,2.796,0.000376,102480,54.64,9.013
68780,2.804,2.857,0.000376,102482,54.64,9.015
68800,2.762,2.812,0.000376,102485,54.64,9.018
68820,2.83,2.801,0.000376,102485,54.64,9.021
68840,2.762,2.838,0.000376,102487,54.64,9.023
68860,2.846,2.835,0.000376,102490,54.64,9.026
68880,2.808,2.783,0.000376,102492,54.64,9.028
68900,2.745,2.825,0.000376,102493,54.64,9.031
68920,2.775,2.82,0.000375,102495,54.64,9.034
68940,2.831,2.805,0.000375,102497,54.64,9.036
68960,2.822,2.815,0.000375,102500,54.64,9.039
68980,2.825,2.79,0.000375,102500,54.64,9.041
69000,2.785,2.803,0.000375,102487,54.64,9.044
69020,2.684,2.818,0.000375,102458,54.64,9.047
69040,2.912,2.814,0.000375,102461,54.64,9.049
69060,2.912,2.811,0.000375,102461,54.64,9.052
69080,2.75,2.842,0.000375,102464,54.64,9.055
69100,2.744,2.804,0.000374,102466,54.64,9.057
69120,2.852,2.833,0.000374,102468,54.64,9.06
69140,2.777,2.812,0.000374,102469,54.64,9.062
69160,2.797,2.852,0.000374,102471,54.64,9.065
69180,2.784,2.819,0.000374,102474,54.64,9.068
69200,2.899,2.838,0.000374,102476,54.64,9.07
69220,2.755,2.809,0.000374,102476,54.64,9.073
69240,2.922,2.865,0.000374,102479,54.64,9.076
69260,2.874,2.838,0.000374,102481,54.64,9.078
69280,2.878,2.839,0.000373,102483,54.64,9.081
69300,2.812,2.832,0.000373,102484,54.64,9.083
69320,2.774,2.767,0.000373,102486,54.64,9.086
69340,2.671,2.799,0.000373,102489,54.64,9.089
69360,2.71,2.797,0.000373,102491,54.64,9.091
69380,2.79,2.812,0.000373,102491,54.64,9.094
69400,2.877,2.784,0.000373,102493,54.64,9.097
69420,2.735,2.813,0.000373,102496,54.64,9.099
69440,2.973,2.785,0.000373,102498,54.64,9.102
69460,2.674,2.818,0.000372,102498,54.64,9.104
69480,2.744,2.876,0.000372,102501,54.64,9.107
69500,2.885,2.76,0.000372,102488,54.64,9.11
69520,2.918,2.784,0.000372,102459,54.64,9.112
69540,2.772,2.814,0.000372,102459,54.64,9.115
69560,2.696,2.797,0.000372,102462,54.64,9.117
69580,2.914,2.823,0.000372,102464,54.64,9.12
69600,2.75,2.807,0.000372,102466,54.64,9.123
69620,2.847,2.823,0.000372,102467,54.64,9.125
69640,2.927,2.797,0.000371,102469,54.64,9.128
69660,2.738,2.853,0.000371,102471,54.64,9.131
69680,2.801,2.809,0.000371,102474,54.64,9.133
69700,2.847,2.796,0.000371,102474,54.64,9.136
69720,2.748,2.818,0.000371,102476,54.64,9.138
69740,2.904,2.744,0.000371,102479,54.64,9.141
69760,2.799,2.783,0.000371,102481,54.64,9.144
69780,2.829,2.864,0.000371,102481,54.64,9.146
69800,2.776,2.794,0.000371,102484,54.64,9.149
69820,2.771,2.805,0.00037,102486,54.64,9.152
69840,2.679,2.81,0.00037,102488,54.64,9.154
69860,2.648,2.83,0.00037,102489,54.64,9.157
69880,2.824,2.792,0.00037,102491,54.64,9.159
69900,2.917,2.775,0.00037,102493,54.64,9.162
69920,2.804,2.797,0.00037,102496,54.64,9.165
69940,2.881,2.83,0.00037,102496,54.64,9.167
69960,2.941,2.792,0.00037,102498,54.64,9.17
69980,2.673,2.829,0.00037,102501,54.64,9.173
70000,2.799,2.809,0.000369,102488,54.64,9.175
70020,2.796,2.819,0.000369,102458,54.64,9.178
70040,2.932,2.793,0.000369,102461,54.64,9.18
70060,2.91,2.812,0.000369,102463,54.64,9.183
70080,2.77,2.765,0.000369,102465,54.64,9.186
70100,2.918,2.799,0.000369,102466,54.64,9.188
70120,2.826,2.849,0.000369,102468,54.64,9.191
70140,2.704,2.806,0.000369,102470,54.64,9.194
70160,2.832,2.76,0.000369,102473,54.64,9.196
70180,2.796,2.823,0.000368,102473,54.64,9.199
70200,2.886,2.795,0.000368,102475,54.64,9.201
70220,2.804,2.78,0.000368,102478,54.64,9.204
70240,2.924,2.836,0.000368,102480,54.64,9.207
70260,2.722,2.74,0.000368,102480,54.64,9.209
70280,2.875,2.802,0.000368,102482,54.64,9.212
70300,2.861,2.807,0.000368,102485,54.64,9.214
70320,2.718,2.825,0.000368,102487,54.64,9.217
70340,2.862,2.836,0.000368,102487,54.64,9.22
70360,2.905,2.761,0.000367,102490,54.64,9.222
70380,2.899,2.811,0.000367,102492,54.64,9.225
70400,2.891,2.814,0.000367,102494,54.64,9.228
70420,2.846,2.815,0.000367,102495,54.64,9.23
70440,2.691,2.878,0.000367,102497,54.64,9.233
70460,2.849,2.836,0.000367,102499,54.64,9.235
70480,2.778,2.858,0.000367,102502,54.64,9.238
70500,2.886,2.825,0.000367,102488,54.64,9.241
70520,2.755,2.817,0.000367,102460,54.64,9.243
70540,2.725,2.849,0.000366,102463,54.64,9.246
70560,2.914,2.754,0.000366,102465,54.64,9.249
70580,2.879,2.783,0.000366,102465,54.64,9.251
70600,2.758,2.808,0.000366,102468,54.64,9.254
70620,2.875,2.761,0.000366,102470,54.64,9.256
70640,2.837,2.806,0.000366,102472,54.64,9.259
70660,2.833,2.876,0.000366,102473,54.64,9.262
70680,2.843,2.848,0.000366,102475,54.64,9.264
70700,2.905,2.786,0.000366,102477,54.64,9.267
70720,2.835,2.788,0.000365,102480,54.64,9.27
70740,2.666,2.785,0.000365,102480,54.64,9.272
70760,2.71,2.795,0.000365,102482,54.64,9.275
70780,2.73,2.75,0.000365,102485,54.64,9.277
70800,2.741,2.752,0.000365,102487,54.64,9.28
70820,2.7,2.835,0.000365,102487,54.64,9.283
70840,2.749,2.79,0.000365,102490,54.64,9.285
70860,2.915,2.814,0.000365,102492,54.64,9.288
70880,2.726,2.877,0.000365,102494,54.64,9.291
70900,2.829,2.834,0.000364,102494,54.64,9.293
70920,2.772,2.862,0.000364,102497,54.64,9.296
70940,2.827,2.787,0.000364,102499,54.64,9.298
70960,2.805,2.844,0.000364,102501,54.64,9.301
70980,2.693,2.792,0.000364,102502,54.64,9.304
71000,2.629,2.765,0.000364,102490,54.64,9.306
71020,2.741,2.779,0.000364,102462,54.64,9.309
71040,2.853,2.809,0.000364,102464,54.64,9.311
71060,2.891,2.851,0.000364,102464,54.64,9.314
71080,2.72,2.762,0.000363,102466,54.64,9.317
71100,2.675,2.823,0.000363,102469,54.64,9.319
71120,2.964,2.85,0.000363,102471,54.64,9.322
71140,2.726,2.776,0.000363,102471,54.64,9.325
71160,2.858,2.866,0.000363,102474,54.64,9.327
71180,2.645,2.807,0.000363,102476,54.64,9.33
71200,2.672,2.808,0.000363,102478,54.64,9.332
71220,2.746,2.783,0.000363,102479,54.64,9.335
71240,2.733,2.859,0.000363,102481,54.64,9.338
71260,2.828,2.769,0.000362,102483,54.64,9.34
71280,2.747,2.803,0.000362,102485,54.64,9.343
71300,2.731,2.833,0.000362,102486,54.64,9.346
71320,2.655,2.797,0.000362,102488,54.64,9.348
71340,2.731,2.86,0.000362,102490,54.64,9.351
71360,2.849,2.785,0.000362,102493,54.64,9.353
71380,2.597,2.802,0.000362,102493,54.64,9.356
71400,2.869,2.791,0.000362,102495,54.64,9.359
71420,3.018,2.813,0.000362,102497,54.64,9.361
71440,2.837,2.784,0.000361,102500,54.64,9.364
71460,2.777,2.788,0.000361,102500,54.64,9.367
71480,2.826,2.784,0.000361,102502,54.64,9.369
71500,2.719,2.773,0.000361,102489,54.64,9.372
71520,2.663,2.82,0.000361,102461,54.64,9.374
71540,2.989,2.781,0.000361,102462,54.64,9.377
71560,2.905,2.811,0.000361,102464,54.64,9.38
71580,2.831,2.792,0.000361,102466,54.64,9.382
71600,2.873,2.816,0.000361,102469,54.64,9.385
71620,2.844,2.837,0.00036,102469,54.64,9.388
71640,2.727,2.779,0.00036,102471,54.64,9.39
71660,2.769,2.802,0.00036,102474,54.64,9.393
71680,2.966,2.857,0.00036,102476,54.64,9.395
71700,2.696,2.853,0.00036,102476,54.64,9.398
71720,2.792,2.841,0.00036,102478,54.64,9.401
71740,2.849,2.784,0.00036,102481,54.64,9.403
71760,2.774,2.781,0.00036,102483,54.64,9.406
71780,2.744,2.84,0.00036,102483,54.64,9.408
71800,2.808,2.784,0.000359,102485,54.64,9.411
71820,2.925,2.801,0.000359,102488,54.64,9.414
71840,2.774,2.827,0.000359,102490,54.64,9.416
71860,2.678,2.798,0.000359,102490,54.64,9.419
71880,2.812,2.827,0.000359,102493,54.64,9.422
71900,2.699,2.822,0.000359,102495,54.64,9.424
71920,2.774,2.76,0.000359,102497,54.64,9.427
71940,2.743,2.803,0.000359,102497,54.64,9.429
71960,2.866,2.843,0.000359,102499,54.64,9.432
71980,2.807,2.805,0.000358,102502,54.64,9.435
72000,2.843,2.787,0.000358,102489,54.64,9.437
72020,2.815,2.811,0.000358,102460,54.64,9.44
72040,2.832,2.811,0.000358,102462,54.64,9.443
72060,2.782,2.805,0.000358,102464,54.64,9.445
72080,2.835,2.788,0.000358,102467,54.64,9.448
72100,2.867,2.766,0.000358,102467,54.64,9.45
72120,2.651,2.806,0.000358,102469,54.64,9.453
72140,3.0,2.792,0.000358,102471,54.64,9.456
72160,2.826,2.791,0.000357,102474,54.64,9.458
72180,2.604,2.852,0.000357,102474,54.64,9.461
72200,2.83,2.789,0.000357,102476,54.64,9.464
72220,2.913,2.805,0.000357,102478,54.64,9.466
72240,2.818,2.789,0.000357,102481,54.64,9.469
72260,2.811,2.794,0.000357,102481,54.64,9.471
72280,2.716,2.824,0.000357,102483,54.64,9.474
72300,2.753,2.786,0.000357,102486,54.64,9.477
72320,2.755,2.809,0.000357,102488,54.64,9.479
72340,2.769,2.837,0.000356,102488,54.64,9.482
72360,2.714,2.789,0.000356,102490,54.64,9.485
72380,2.783,2.767,0.000356,102493,54.64,9.487
72400,2.794,2.814,0.000356,102495,54.64,9.49
72420,2.912,2.823,0.000356,102495,54.64,9.492
72440,2.743,2.82,0.000356,102497,54.64,9.495
72460,2.85,2.773,0.000356,102500,54.64,9.498
72480,2.832,2.848,0.000356,102502,54.64,9.5
72500,2.783,2.787,0.000356,102487,54.64,9.503
72520,2.76,2.767,0.000355,102460,54.64,9.505
72540,2.786,2.807,0.000355,102462,54.64,9.508
72560,2.781,2.815,0.000355,102464,54.64,9.511
72580,2.786,2.746,0.000355,102465,54.64,9.513
72600,2.901,2.81,0.000355,102467,54.64,9.516
72620,2.808,2.861,0.000355,102469,54.64,9.519
72640,2.851,2.797,0.000355,102472,54.64,9.521
72660,2.892,2.81,0.000355,102472,54.64,9.524
72680,2.718,2.772,0.000355,102474,54.64,9.526
72700,2.846,2.796,0.000354,102476,54.64,9.529
72720,3.024,2.802,0.000354,102478,54.64,9.532
72740,2.817,2.817,0.000354,102479,54.64,9.534
72760,2.737,2.743,0.000354,102481,54.64,9.537
72780,2.87,2.861,0.000354,102483,54.64,9.54
72800,2.907,2.799,0.000354,102485,54.64,9.542
72820,2.874,2.799,0.000354,102486,54.64,9.545
72840,2.773,2.803,0.000354,102488,54.64,9.547
72860,2.861,2.83,0.000354,102490,54.64,9.55
72880,2.795,2.833,0.000353,102492,54.64,9.553
72900,2.655,2.803,0.000353,102493,54.64,9.555
72920,2.811,2.779,0.000353,102495,54.64,9.558
72940,2.75,2.83,0.000353,102497,54.64,9.561
72960,2.845,2.784,0.000353,102499,54.64,9.563
72980,2.836,2.789,0.000353,102500,54.64,9.566
73000,2.828,2.81,0.000353,102487,54.64,9.568
73020,2.917,2.829,0.000353,102461,54.64,9.571
73040,2.84,2.802,0.000353,102463,54.64,9.574
73060,2.828,2.785,0.000352,102463,54.64,9.576
73080,2.757,2.85,0.000352,102466,54.64,9.579
73100,2.751,2.787,0.000352,102468,54.64,9.581
73120,2.711,2.77,0.000352,102470,54.64,9.584
73140,2.714,2.851,0.000352,102470,54.64,9.587
73160,2.828,2.771,0.000352,102473,54.64,9.589
73180,2.911,2.821,0.000352,102475,54.64,9.592
73200,2.81,2.771,0.000352,102477,54.64,9.595
73220,2.883,2.811,0.000352,102477,54.64,9.597
73240,2.924,2.775,0.000351,102480,54.64,9.6
73260,2.87,2.771,0.000351,102482,54.64,9.602
73280,2.624,2.835,0.000351,102484,54.64,9.605
73300,2.855,2.815,0.000351,102484,54.64,9.608
73320,2.808,2.819,0.000351,102486,54.64,9.61
73340,2.787,2.823,0.000351,102489,54.64,9.613
73360,2.822,2.802,0.000351,102491,54.64,9.616
73380,2.802,2.838,0.000351,102491,54.64,9.618
73400,2.759,2.798,0.000351,102493,54.64,9.621
73420,2.777,2.798,0.00035,102496,54.64,9.623
73440,2.764,2.798,0.00035,102498,54.64,9.626
73460,2.906,2.807,0.00035,102498,54.64,9.629
73480,2.877,2.812,0.00035,102500,54.64,9.631
73500,2.85,2.793,0.00035,102488,54.64,9.634
73520,2.782,2.786,0.00035,102462,54.64,9.637
73540,2.74,2.8,0.00035,102462,54.64,9.639
73560,2.782,2.768,0.00035,102464,54.64,9.642
73580,2.822,2.838,0.00035,102467,54.64,9.644
73600,2.682,2.799,0.000349,102469,54.64,9.647
73620,2.797,2.794,0.000349,102469,54.64,9.65
73640,2.72,2.829,0.000349,102471,54.64,9.652
73660,2.804,2.799,0.000349,102473,54.64,9.655
73680,2.889,2.814,0.000349,102476,54.64,9.658
73700,2.874,2.839,0.000349,102476,54.64,9.66
73720,2.784,2.805,0.000349,102478,54.64,9.663
73740,2.765,2.783,0.000349,102480,54.64,9.665
73760,2.754,2.762,0.000348,102483,54.64,9.668
73780,2.858,2.794,0.000348,102483,54.64,9.671
73800,2.722,2.801,0.000348,102485,54.64,9.673
73820,2.803,2.807,0.000348,102487,54.64,9.676
73840,2.904,2.813,0.000348,102489,54.64,9.678
73860,3.005,2.829,0.000348,102490,54.64,9.681
73880,2.797,2.826,0.000348,102492,54.64,9.684
73900,2.825,2.77,0.000348,102494,54.64,9.686
73920,2.782,2.758,0.000348,102496,54.64,9.689
73940,2.876,2.838,0.000347,102497,54.64,9.692
73960,2.755,2.806,0.000347,102499,54.64,9.694
73980,2.742,2.789,0.000347,102501,54.64,9.697
74000,2.74,2.827,0.000347,102489,54.64,9.699
74020,2.864,2.797,0.000347,102461,54.64,9.702
74040,2.45,2.789,0.000347,102463,54.64,9.705
74060,2.845,2.774,0.000347,102465,54.64,9.707
74080,2.761,2.767,0.000347,102467,54.64,9.71
74100,2.849,2.758,0.000347,102468,54.64,9.713
74120,2.765,2.781,0.000346,102470,54.64,9.715
74140,2.935,2.811,0.000346,102472,54.64,9.718
74160,2.687,2.856,0.000346,102474,54.64,9.72
74180,2.881,2.751,0.000346,102475,54.64,9.723
74200,2.797,2.813,0.000346,102477,54.64,9.726
74220,2.843,2.871,0.000346,102479,54.64,9.728
74240,2.765,2.773,0.000346,102481,54.64,9.731
74260,2.876,2.78,0.000346,102481,54.64,9.734
74280,2.738,2.796,0.000346,102484,54.64,9.736
74300,2.792,2.836,0.000345,102486,54.64,9.739
74320,2.995,2.81,0.000345,102488,54.64,9.741
74340,2.683,2.805,0.000345,102488,54.64,9.744
74360,2.834,2.802,0.000345,102491,54.64,9.747
74380,2.773,2.805,0.000345,102493,54.64,9.749
74400,2.911,2.802,0.000345,102495,54.64,9.752
74420,2.765,2.815,0.000345,102495,54.64,9.755
74440,2.786,2.786,0.000345,102497,54.64,9.757
74460,2.838,2.834,0.000345,102499,54.64,9.76
74480,2.937,2.816,0.000344,102501,54.64,9.762
74500,2.785,2.767,0.000344,102488,54.64,9.765
74520,2.841,2.787,0.000344,102462,54.64,9.768
74540,2.787,2.767,0.000344,102465,54.64,9.77
74560,2.86,2.816,0.000344,102467,54.64,9.773
74580,2.873,2.807,0.000344,102467,54.64,9.775
74600,2.825,2.778,0.000344,102469,54.64,9.778
74620,2.702,2.758,0.000344,102472,54.64,9.781
74640,2.769,2.759,0.000344,102474,54.64,9.783
74660,2.844,2.8,0.000343,102474,54.64,9.786
74680,2.637,2.829,0.000343,102476,54.64,9.789
74700,2.83,2.809,0.000343,102478,54.64,9.791
74720,2.893,2.738,0.000343,102481,54.64,9.794
74740,2.853,2.844,0.000343,102481,54.64,9.796
74760,2.872,2.835,0.000343,102483,54.64,9.799
74780,2.79,2.754,0.000343,102485,54.64,9.802
74800,2.852,2.779,0.000343,102487,54.64,9.804
74820,2.78,2.805,0.000343,102488,54.64,9.807
74840,2.866,2.796,0.000342,102490,54.64,9.81
74860,2.85,2.817,0.000342,102492,54.64,9.812
74880,2.762,2.844,0.000342,102494,54.64,9.815
74900,2.786,2.808,0.000342,102494,54.64,9.817
74920,2.863,2.844,0.000342,102497,54.64,9.82
74940,2.847,2.803,0.000342,102499,54.64,9.823
74960,2.717,2.84,0.000342,102501,54.64,9.825
74980,2.763,2.733,0.000342,102501,54.64,9.828
75000,2.803,2.868,0.000342,102489,54.64,9.831
75020,2.768,2.774,0.000341,102464,54.64,9.833
75040,2.828,2.806,0.000341,102466,54.64,9.836
75060,2.747,2.82,0.000341,102466,54.64,9.838
75080,2.806,2.779,0.000341,102468,54.64,9.841
75100,2.805,2.804,0.000341,102470,54.64,9.844
75120,2.675,2.79,0.000341,102472,54.64,9.846
75140,2.849,2.818,0.000341,102473,54.64,9.849
75160,2.88,2.809,0.000341,102475,54.64,9.852
75180,2.784,2.798,0.000341,102477,54.64,9.854
75200,2.788,2.814,0.00034,102479,54.64,9.857
75220,2.947,2.823,0.00034,102480,54.64,9.859
75240,2.796,2.803,0.00034,102482,54.64,9.862
75260,2.863,2.768,0.00034,102484,54.64,9.865
75280,2.816,2.783,0.00034,102486,54.64,9.867
75300,2.819,2.832,0.00034,102486,54.64,9.87
75320,2.807,2.79,0.00034,102488,54.64,9.872
75340,2.728,2.783,0.00034,102490,54.64,9.875
75360,2.686,2.789,0.00034,102493,54.64,9.878
75380,2.817,2.738,0.000339,102493,54.64,9.88
75400,2.829,2.758,0.000339,102495,54.64,9.883
75420,2.725,2.76,0.000339,102497,54.64,9.886
75440,2.839,2.793,0.000339,102499,54.64,9.888
75460,2.819,2.819,0.000339,102500,54.64,9.891
75480,2.816,2.8,0.000339,102502,54.64,9.893
75500,2.62,2.808,0.000339,102489,54.64,9.896
75520,2.863,2.755,0.000339,102463,54.64,9.899
75540,2.86,2.784,0.000339,102463,54.64,9.901
75560,2.805,2.824,0.000338,102466,54.64,9.904
75580,2.86,2.821,0.000338,102468,54.64,9.907
75600,2.564,2.802,0.000338,102470,54.64,9.909
75620,2.763,2.798,0.000338,102470,54.64,9.912
75640,2.735,2.812,0.000338,102472,54.64,9.914
75660,2.841,2.792,0.000338,102474,54.64,9.917
75680,2.802,2.78,0.000338,102477,54.64,9.92
75700,2.628,2.808,0.000338,102477,54.64,9.922
75720,2.934,2.743,0.000338,102479,54.64,9.925
75740,2.766,2.759,0.000337,102481,54.64,9.928
75760,2.89,2.763,0.000337,102483,54.64,9.93
75780,2.816,2.756,0.000337,102484,54.64,9.933
75800,2.87,2.718,0.000337,102486,54.64,9.935
75820,2.836,2.805,0.000337,102488,54.64,9.938
75840,2.734,2.817,0.000337,102490,54.64,9.941
75860,2.91,2.797,0.000337,102490,54.64,9.943
75880,2.829,2.803,0.000337,102492,54.64,9.946
75900,2.63,2.706,0.000336,102495,54.64,9.948
75920,2.803,2.754,0.000336,102497,54.64,9.951
75940,2.744,2.802,0.000336,102497,54.64,9.954
75960,2.865,2.754,0.000336,102499,54.64,9.956
75980,2.851,2.797,0.000336,102501,54.64,9.959
76000,2.715,2.798,0.000336,102489,54.64,9.962
76020,2.829,2.779,0.000336,102462,54.64,9.964
76040,2.845,2.795,0.000336,102464,54.64,9.967
76060,2.739,2.798,0.000336,102467,54.64,9.969
76080,2.594,2.737,0.000335,102469,54.64,9.972
76100,2.778,2.846,0.000335,102469,54.64,9.975
76120,2.774,2.743,0.000335,102471,54.64,9.977
76140,2.647,2.821,0.000335,102473,54.64,9.98
76160,2.712,2.773,0.000335,102475,54.64,9.983
76180,2.714,2.817,0.000335,102476,54.64,9.985
76200,2.751,2.819,0.000335,102478,54.64,9.988
76220,2.91,2.776,0.000335,102480,54.64,9.99
76240,2.846,2.754,0.000335,102482,54.64,9.993
76260,2.822,2.776,0.000334,102482,54.64,9.996
76280,2.726,2.746,0.000334,102484,54.64,9.998
76300,2.81,2.788,0.000334,102486,54.64,10.001
76320,2.682,2.774,0.000334,102489,54.64,10.004
76340,2.706,2.784,0.000334,102489,54.64,10.006
76360,2.66,2.779,0.000334,102491,54.64,10.009
76380,2.829,2.816,0.000334,102493,54.64,10.011
76400,2.815,2.83,0.000334,102495,54.64,10.014
76420,2.936,2.758,0.000334,102496,54.64,10.017
76440,2.841,2.811,0.000333,102498,54.64,10.019
76460,2.8,2.795,0.000333,102500,54.64,10.022
76480,2.666,2.757,0.000333,102502,54.64,10.025
76500,2.687,2.797,0.000333,102488,54.64,10.027
76520,2.765,2.784,0.000333,102463,54.64,10.03
76540,2.814,2.773,0.000333,102465,54.64,10.032
76560,2.823,2.793,0.000333,102467,54.64,10.035
76580,2.818,2.753,0.000333,102467,54.64,10.038
76600,2.951,2.811,0.000333,102469,54.64,10.04
76620,2.77,2.815,0.000332,102471,54.64,10.043
76640,2.715,2.849,0.000332,102474,54.64,10.045
76660,2.731,2.795,0.000332,102474,54.64,10.048
76680,2.798,2.789,0.000332,102476,54.64,10.051
76700,2.909,2.763,0.000332,102478,54.64,10.053
76720,2.658,2.791,0.000332,102480,54.64,10.056
76740,2.821,2.758,0.000332,102481,54.64,10.059
76760,2.702,2.769,0.000332,102483,54.64,10.061
76780,2.724,2.801,0.000332,102485,54.64,10.064
76800,2.75,2.799,0.000331,102487,54.64,10.066
76820,2.817,2.772,0.000331,102487,54.64,10.069
76840,2.789,2.774,0.000331,102489,54.64,10.072
76860,2.693,2.753,0.000331,102492,54.64,10.074
76880,2.767,2.746,0.000331,102494,54.64,10.077
76900,2.735,2.775,0.000331,102494,54.64,10.08
76920,2.796,2.775,0.000331,102496,54.64,10.082
76940,2.705,2.789,0.000331,102498,54.64,10.085
76960,2.682,2.791,0.000331,102500,54.64,10.087
76980,2.856,2.757,0.00033,102500,54.64,10.09
77000,2.714,2.748,0.00033,102489,54.64,10.093
77020,2.77,2.793,0.00033,102463,54.64,10.095
77040,2.77,2.832,0.00033,102466,54.64,10.098
77060,2.787,2.831,0.00033,102466,54.64,10.101
77080,2.783,2.782,0.00033,102468,54.64,10.103
77100,2.863,2.798,0.00033,102470,54.64,10.106
77120,2.793,2.789,0.00033,102472,54.64,10.108
77140,2.785,2.837,0.00033,102473,54.64,10.111
77160,2.766,2.783,0.000329,102475,54.64,10.114
77180,2.76,2.756,0.000329,102477,54.64,10.116
77200,2.793,2.801,0.000329,102479,54.64,10.119
77220,2.801,2.765,0.000329,102479,54.64,10.122
77240,2.923,2.806,0.000329,102481,54.64,10.124
77260,2.78,2.792,0.000329,102483,54.64,10.127
77280,2.673,2.793,0.000329,102486,54.64,10.129
77300,2.824,2.794,0.000329,102486,54.64,10.132
77320,2.705,2.805,0.000329,102488,54.64,10.135
77340,2.779,2.757,0.000328,102490,54.64,10.137
77360,2.836,2.779,0.000328,102492,54.64,10.14
77380,2.766,2.829,0.000328,102492,54.64,10.142
77400,2.766,2.787,0.000328,102494,54.64,10.145
77420,2.773,2.748,0.000328,102497,54.64,10.148
77440,2.787,2.755,0.000328,102499,54.64,10.15
77460,2.74,2.794,0.000328,102499,54.64,10.153
77480,2.656,2.775,0.000328,102501,54.64,10.156
77500,2.822,2.798,0.000328,102489,54.64,10.158
77520,2.86,2.797,0.000327,102463,54.64,10.161
77540,2.825,2.747,0.000327,102463,54.64,10.163
77560,2.741,2.83,0.000327,102465,54.64,10.166
77580,2.619,2.75,0.000327,102467,54.64,10.169
77600,2.727,2.811,0.000327,102469,54.64,10.171
77620,2.717,2.814,0.000327,102470,54.64,10.174
77640,2.816,2.778,0.000327,102472,54.64,10.177
77660,2.809,2.788,0.000327,102474,54.64,10.179
77680,2.772,2.826,0.000326,102476,54.64,10.182
77700,2.817,2.744,0.000326,102476,54.64,10.184
77720,2.705,2.735,0.000326,102478,54.64,10.187
77740,2.807,2.756,0.000326,102481,54.64,10.19
77760,2.87,2.79,0.000326,102483,54.64,10.192
77780,2.703,2.783,0.000326,102483,54.64,10.195
77800,2.941,2.765,0.000326,102485,54.64,10.198
77820,2.796,2.765,0.000326,102487,54.64,10.2
77840,2.76,2.802,0.000326,102489,54.64,10.203
77860,2.87,2.867,0.000325,102489,54.64,10.205
77880,2.782,2.768,0.000325,102491,54.64,10.208
77900,2.704,2.765,0.000325,102493,54.64,10.211
77920,2.635,2.798,0.000325,102496,54.64,10.213
77940,2.857,2.748,0.000325,102496,54.64,10.216
77960,2.758,2.754,0.000325,102498,54.64,10.219
77980,2.724,2.752,0.000325,102500,54.64,10.221
78000,2.706,2.796,0.000325,102488,54.64,10.224
78020,2.834,2.745,0.000325,102461,54.64,10.226
78040,2.664,2.787,0.000324,102463,54.64,10.229
78060,2.715,2.756,0.000324,102465,54.64,10.232
78080,2.859,2.752,0.000324,102467,54.64,10.234
78100,2.789,2.789,0.000324,102467,54.64,10.237
78120,2.743,2.784,0.000324,102470,54.64,10.239
78140,2.865,2.774,0.000324,102472,54.64,10.242
78160,2.792,2.754,0.000324,102474,54.64,10.245
78180,2.697,2.783,0.000324,102474,54.64,10.247
78200,2.838,2.825,0.000324,102476,54.64,10.25
78220,2.82,2.829,0.000323,102478,54.64,10.253
78240,2.908,2.785,0.000323,102480,54.64,10.255
78260,2.761,2.771,0.000323,102480,54.64,10.258
78280,2.752,2.769,0.000323,102483,54.64,10.26
78300,2.778,2.775,0.000323,102485,54.64,10.263
78320,2.869,2.808,0.000323,102487,54.64,10.266
78340,2.888,2.775,0.000323,102487,54.64,10.268
78360,2.707,2.794,0.000323,102489,54.64,10.271
78380,2.705,2.821,0.000323,102491,54.64,10.274
78400,2.834,2.787,0.000322,102493,54.64,10.276
78420,2.73,2.81,0.000322,102493,54.64,10.279
78440,2.95,2.79,0.000322,102495,54.64,10.281
78460,2.728,2.778,0.000322,102498,54.64,10.284
78480,2.79,2.758,0.000322,102500,54.64,10.287
78500,2.683,2.79,0.000322,102486,54.64,10.289
78520,2.796,2.795,0.000322,102461,54.64,10.292
78540,2.844,2.773,0.000322,102463,54.64,10.295
78560,2.825,2.818,0.000322,102465,54.64,10.297
78580,2.838,2.723,0.000321,102465,54.64,10.3
78600,2.875,2.773,0.000321,102467,54.64,10.302
78620,2.872,2.756,0.000321,102469,54.64,10.305
78640,2.841,2.823,0.000321,102471,54.64,10.308
78660,2.755,2.791,0.000321,102471,54.64,10.31
78680,2.641,2.743,0.000321,102474,54.64,10.313
78700,2.69,2.79,0.000321,102476,54.64,10.315
78720,2.916,2.77,0.000321,102478,54.64,10.318
78740,2.821,2.798,0.000321,102478,54.64,10.321
78760,2.784,2.746,0.00032,102480,54.64,10.323
78780,2.779,2.798,0.00032,102482,54.64,10.326
78800,2.893,2.771,0.00032,102484,54.64,10.329
78820,2.88,2.786,0.00032,102484,54.64,10.331
78840,2.846,2.803,0.00032,102487,54.64,10.334
78860,2.858,2.779,0.00032,102489,54.64,10.336
78880,2.991,2.718,0.00032,102491,54.64,10.339
78900,2.736,2.747,0.00032,102491,54.64,10.342
78920,2.78,2.828,0.00032,102493,54.64,10.344
78940,2.787,2.815,0.000319,102495,54.64,10.347
78960,2.798,2.809,0.000319,102497,54.64,10.35
78980,2.751,2.797,0.000319,102497,54.64,10.352
79000,2.78,2.789,0.000319,102485,54.64,10.355
79020,2.846,2.794,0.000319,102459,54.64,10.357
79040,2.793,2.787,0.000319,102461,54.64,10.36
79060,2.816,2.806,0.000319,102461,54.64,10.363
79080,2.831,2.813,0.000319,102463,54.64,10.365
79100,2.79,2.797,0.000319,102465,54.64,10.368
79120,2.774,2.771,0.000318,102467,54.64,10.371
79140,2.84,2.782,0.000318,102468,54.64,10.373
79160,2.877,2.833,0.000318,102470,54.64,10.376
79180,2.63,2.845,0.000318,102472,54.64,10.378
79200,2.786,2.793,0.000318,102474,54.64,10.381
79220,2.783,2.744,0.000318,102474,54.64,10.384
79240,2.901,2.776,0.000318,102476,54.64,10.386
79260,2.669,2.76,0.000318,102478,54.64,10.389
79280,2.797,2.782,0.000318,102480,54.64,10.392
79300,2.816,2.749,0.000317,102481,54.64,10.394
79320,2.878,2.774,0.000317,102483,54.64,10.397
79340,2.611,2.808,0.000317,102485,54.64,10.399
79360,2.65,2.774,0.000317,102487,54.64,10.402
79380,2.647,2.76,0.000317,102487,54.64,10.405
79400,2.738,2.767,0.000317,102489,54.64,10.407
79420,2.821,2.787,0.000317,102491,54.64,10.41
79440,2.81,2.764,0.000317,102493,54.64,10.412
79460,2.826,2.823,0.000317,102493,54.64,10.415
79480,2.778,2.76,0.000316,102495,54.64,10.418
79500,2.863,2.804,0.000316,102484,54.64,10.42
79520,2.721,2.749,0.000316,102460,54.64,10.423
79540,2.715,2.773,0.000316,102460,54.64,10.426
79560,2.757,2.805,0.000316,102462,54.64,10.428
79580,2.756,2.767,0.000316,102464,54.64,10.431
79600,2.829,2.792,0.000316,102466,54.64,10.433
79620,2.883,2.794,0.000316,102466,54.64,10.436
79640,2.782,2.767,0.000316,102468,54.64,10.439
79660,2.836,2.793,0.000315,102470,54.64,10.441
79680,2.891,2.811,0.000315,102472,54.64,10.444
79700,2.757,2.798,0.000315,102473,54.64,10.447
79720,2.849,2.797,0.000315,102475,54.64,10.449
79740,2.773,2.744,0.000315,102477,54.64,10.452
79760,2.643,2.723,0.000315,102479,54.64,10.454
79780,2.654,2.799,0.000315,102479,54.64,10.457
79800,2.784,2.793,0.000315,102481,54.64,10.46
79820,2.65,2.848,0.000314,102483,54.64,10.462
79840,2.853,2.774,0.000314,102485,54.64,10.465
79860,2.693,2.842,0.000314,102486,54.64,10.468
79880,2.827,2.773,0.000314,102488,54.64,10.47
79900,2.858,2.799,0.000314,102490,54.64,10.473
79920,2.741,2.729,0.000314,102492,54.64,10.475
79940,2.828,2.791,0.000314,102492,54.64,10.478
79960,2.805,2.79,0.000314,102494,54.64,10.481
79980,2.806,2.772,0.000314,102496,54.64,10.483
80000,2.721,2.726,0.000313,102484,54.64,10.486
80020,2.807,2.807,0.000313,102458,54.64,10.489
80040,2.715,2.764,0.000313,102460,54.64,10.491
80060,2.855,2.811,0.000313,102462,54.64,10.494
80080,2.688,2.748,0.000313,102464,54.64,10.496
80100,2.8,2.771,0.000313,102464,54.64,10.499
80120,2.742,2.776,0.000313,102466,54.64,10.502
80140,2.821,2.756,0.000313,102468,54.64,10.504
80160,2.784,2.785,0.000313,102470,54.64,10.507
80180,2.811,2.746,0.000312,102471,54.64,10.509
80200,2.744,2.737,0.000312,102473,54.64,10.512
80220,2.933,2.724,0.000312,102475,54.64,10.515
80240,2.864,2.768,0.000312,102477,54.64,10.517
80260,2.69,2.782,0.000312,102477,54.64,10.52
80280,2.801,2.79,0.000312,102479,54.64,10.523
80300,2.903,2.801,0.000312,102481,54.64,10.525
80320,2.782,2.715,0.000312,102483,54.64,10.528
80340,2.711,2.796,0.000312,102483,54.64,10.53
80360,2.756,2.763,0.000311,102485,54.64,10.533
80380,2.824,2.767,0.000311,102487,54.64,10.536
80400,2.893,2.762,0.000311,102489,54.64,10.538
80420,2.891,2.789,0.000311,102489,54.64,10.541
80440,2.724,2.83,0.000311,102491,54.64,10.544
80460,2.917,2.819,0.000311,102493,54.64,10.546
80480,2.802,2.799,0.000311,102495,54.64,10.549
80500,2.676,2.749,0.000311,102482,54.64,10.551
80520,2.82,2.769,0.000311,102458,54.64,10.554
80540,2.848,2.792,0.00031,102460,54.64,10.557
80560,2.739,2.802,0.00031,102462,54.64,10.559
80580,2.724,2.789,0.00031,102462,54.64,10.562
80600,2.71,2.787,0.00031,102464,54.64,10.565
80620,2.747,2.822,0.00031,102466,54.64,10.567
80640,2.699,2.758,0.00031,102468,54.64,10.57
80660,2.681,2.813,0.00031,102469,54.64,10.572
80680,2.801,2.741,0.00031,102471,54.64,10.575
80700,2.688,2.776,0.00031,102473,54.64,10.578
80720,2.733,2.806,0.000309,102475,54.64,10.58
80740,2.747,2.782,0.000309,102475,54.64,10.583
80760,2.743,2.75,0.000309,102477,54.64,10.586
80780,2.747,2.774,0.000309,102479,54.64,10.588
80800,2.74,2.764,0.000309,102481,54.64,10.591
80820,2.773,2.762,0.000309,102481,54.64,10.593
80840,2.834,2.757,0.000309,102483,54.64,10.596
80860,2.607,2.769,0.000309,102485,54.64,10.599
80880,2.755,2.712,0.000309,102487,54.64,10.601
80900,2.702,2.808,0.000308,102487,54.64,10.604
80920,2.833,2.792,0.000308,102489,54.64,10.606
80940,2.813,2.76,0.000308,102491,54.64,10.609
80960,2.729,2.813,0.000308,102493,54.64,10.612
80980,2.826,2.783,0.000308,102494,54.64,10.614
81000,2.762,2.779,0.000308,102482,54.64,10.617
81020,2.863,2.709,0.000308,102458,54.64,10.62
81040,2.83,2.783,0.000308,102460,54.64,10.622
81060,2.956,2.765,0.000308,102460,54.64,10.625
81080,2.807,2.779,0.000307,102462,54.64,10.627
81100,2.796,2.791,0.000307,102464,54.64,10.63
81120,2.89,2.851,0.000307,102466,54.64,10.633
81140,2.634,2.794,0.000307,102467,54.64,10.635
81160,2.687,2.785,0.000307,102469,54.64,10.638
81180,2.763,2.786,0.000307,102470,54.64,10.641
81200,2.78,2.823,0.000307,102472,54.64,10.643
81220,2.822,2.743,0.000307,102473,54.64,10.646
81240,2.823,2.79,0.000307,102475,54.64,10.648
81260,2.82,2.761,0.000306,102477,54.64,10.651
81280,2.782,2.767,0.000306,102479,54.64,10.654
81300,2.853,2.813,0.000306,102479,54.64,10.656
81320,2.852,2.775,0.000306,102481,54.64,10.659
81340,2.654,2.801,0.000306,102483,54.64,10.662
81360,2.905,2.781,0.000306,102485,54.64,10.664
81380,2.792,2.78,0.000306,102485,54.64,10.667
81400,2.745,2.76,0.000306,102487,54.64,10.669
81420,2.703,2.785,0.000306,102489,54.64,10.672
81440,2.72,2.793,0.000305,102491,54.64,10.675
81460,2.636,2.771,0.000305,102491,54.64,10.677
81480,2.718,2.795,0.000305,102493,54.64,10.68
81500,2.712,2.825,0.000305,102482,54.64,10.682
81520,2.702,2.778,0.000305,102458,54.64,10.685
81540,2.775,2.773,0.000305,102458,54.64,10.688
81560,2.69,2.764,0.000305,102460,54.64,10.69
81580,2.781,2.755,0.000305,102462,54.64,10.693
81600,2.859,2.736,0.000305,102464,54.64,10.696
81620,2.784,2.761,0.000304,102464,54.64,10.698
81640,2.676,2.803,0.000304,102466,54.64,10.701
81660,2.74,2.759,0.000304,102468,54.64,10.703
81680,2.769,2.755,0.000304,102470,54.64,10.706
81700,2.729,2.772,0.000304,102470,54.64,10.709
81720,2.839,2.75,0.000304,102472,54.64,10.711
81740,2.856,2.765,0.000304,102474,54.64,10.714
81760,2.844,2.783,0.000304,102476,54.64,10.717
81780,2.793,2.747,0.000304,102476,54.64,10.719
81800,2.829,2.779,0.000303,102478,54.64,10.722
81820,2.847,2.771,0.000303,102480,54.64,10.724
81840,2.808,2.821,0.000303,102482,54.64,10.727
81860,2.768,2.694,0.000303,102483,54.64,10.73
81880,2.795,2.804,0.000303,102485,54.64,10.732
81900,2.794,2.779,0.000303,102487,54.64,10.735
81920,2.811,2.714,0.000303,102489,54.64,10.738
81940,2.66,2.798,0.000303,102489,54.64,10.74
81960,2.821,2.789,0.000303,102491,54.64,10.743
81980,2.843,2.72,0.000302,102493,54.64,10.745
82000,2.746,2.804,0.000302,102482,54.64,10.748
82020,2.741,2.782,0.000302,102457,54.64,10.751
82040,2.726,2.784,0.000302,102459,54.64,10.753
82060,2.8,2.706,0.000302,102461,54.64,10.756
82080,2.759,2.788,0.000302,102463,54.64,10.759
82100,2.723,2.808,0.000302,102463,54.64,10.761
82120,2.745,2.757,0.000302,102465,54.64,10.764
82140,2.799,2.751,0.000302,102467,54.64,10.766
82160,2.919,2.732,0.000301,102469,54.64,10.769
82180,2.682,2.737,0.000301,102470,54.64,10.772
82200,2.734,2.825,0.000301,102472,54.64,10.774
82220,2.872,2.787,0.000301,102473,54.64,10.777
82240,2.696,2.763,0.000301,102475,54.64,10.779
82260,2.895,2.788,0.000301,102476,54.64,10.782
82280,2.79,2.817,0.000301,102478,54.64,10.785
82300,2.891,2.785,0.000301,102480,54.64,10.787
82320,2.771,2.775,0.000301,102482,54.64,10.79
82340,2.75,2.719,0.0003,102482,54.64,10.793
82360,2.75,2.79,0.0003,102484,54.64,10.795
82380,2.692,2.737,0.0003,102486,54.64,10.798
82400,2.845,2.778,0.0003,102488,54.64,10.8
82420,2.762,2.759,0.0003,102488,54.64,10.803
82440,2.832,2.79,0.0003,102490,54.64,10.806
82460,2.845,2.749,0.0003,102492,54.64,10.808
82480,2.794,2.783,0.0003,102494,54.64,10.811
82500,2.785,2.788,0.000299,102481,54.64,10.814
82520,2.867,2.77,0.000299,102457,54.64,10.816
82540,2.82,2.785,0.000299,102459,54.64,10.819
82560,2.697,2.783,0.000299,102461,54.64,10.821
82580,2.83,2.803,0.000299,102461,54.64,10.824
82600,2.769,2.781,0.000299,102463,54.64,10.827
82620,2.675,2.815,0.000299,102465,54.64,10.829
82640,2.835,2.733,0.000299,102467,54.64,10.832
82660,2.741,2.804,0.000299,102467,54.64,10.835
82680,2.909,2.794,0.000298,102469,54.64,10.837
82700,2.919,2.788,0.000298,102471,54.64,10.84
82720,2.627,2.785,0.000298,102473,54.64,10.842
82740,2.664,2.793,0.000298,102473,54.64,10.845
82760,2.752,2.834,0.000298,102475,54.64,10.848
82780,2.822,2.754,0.000298,102477,54.64,10.85
82800,2.775,2.76,0.000298,102479,54.64,10.853
82820,2.763,2.799,0.000298,102479,54.64,10.856
82840,2.746,2.779,0.000298,102481,54.64,10.858
82860,2.71,2.807,0.000297,102483,54.64,10.861
82880,2.788,2.732,0.000297,102485,54.64,10.863
82900,2.771,2.782,0.000297,102485,54.64,10.866
82920,2.777,2.755,0.000297,102487,54.64,10.869
82940,2.73,2.771,0.000297,102489,54.64,10.871
82960,2.832,2.783,0.000297,102491,54.64,10.874
82980,2.7,2.801,0.000297,102492,54.64,10.876
83000,2.765,2.783,0.000297,102481,54.64,10.879
83020,2.713,2.8,0.000297,102460,54.64,10.882
83040,2.759,2.781,0.000296,102462,54.64,10.884
83060,2.884,2.801,0.000296,102463,54.64,10.887
83080,2.742,2.752,0.000296,102465,54.64,10.89
83100,2.931,2.831,0.000296,102466,54.64,10.892
83120,2.81,2.726,0.000296,102468,54.64,10.895
83140,2.775,2.751,0.000296,102469,54.64,10.897
83160,2.687,2.749,0.000296,102471,54.64,10.9
83180,2.762,2.712,0.000296,102473,54.64,10.903
83200,2.834,2.742,0.000296,102475,54.64,10.905
83220,2.721,2.764,0.000295,102475,54.64,10.908
83240,2.841,2.758,0.000295,102477,54.64,10.911
83260,2.754,2.753,0.000295,102479,54.64,10.913
83280,2.796,2.808,0.000295,102481,54.64,10.916
83300,2.776,2.729,0.000295,102481,54.64,10.918
83320,2.744,2.757,0.000295,102483,54.64,10.921
83340,2.854,2.776,0.000295,102485,54.64,10.924
83360,2.635,2.77,0.000295,102487,54.64,10.926
83380,2.823,2.777,0.000295,102487,54.64,10.929
83400,2.848,2.811,0.000294,102489,54.64,10.932
83420,2.786,2.758,0.000294,102491,54.64,10.934
83440,2.786,2.729,0.000294,102493,54.64,10.937
83460,2.748,2.756,0.000294,102493,54.64,10.939
83480,2.803,2.793,0.000294,102495,54.64,10.942
83500,2.697,2.685,0.000294,102485,54.64,10.945
83520,2.804,2.782,0.000294,102461,54.64,10.947
83540,2.707,2.772,0.000294,102461,54.64,10.95
83560,2.775,2.788,0.000294,102463,54.64,10.953
83580,2.677,2.75,0.000293,102465,54.64,10.955
83600,2.801,2.759,0.000293,102467,54.64,10.958
83620,2.828,2.777,0.000293,102467,54.64,10.96
83640,2.859,2.72,0.000293,102469,54.64,10.963
83660,2.805,2.793,0.000293,102471,54.64,10.966
83680,2.798,2.759,0.000293,102473,54.64,10.968
83700,2.703,2.802,0.000293,102473,54.64,10.971
83720,2.804,2.785,0.000293,102475,54.64,10.973
83740,2.852,2.802,0.000293,102477,54.64,10.976
83760,2.922,2.759,0.000292,102479,54.64,10.979
83780,2.762,2.701,0.000292,102479,54.64,10.981
83800,2.768,2.749,0.000292,102481,54.64,10.984
83820,2.667,2.771,0.000292,102483,54.64,10.987
83840,2.732,2.793,0.000292,102485,54.64,10.989
83860,2.751,2.724,0.000292,102485,54.64,10.992
83880,2.867,2.797,0.000292,102487,54.64,10.994
83900,2.752,2.79,0.000292,102489,54.64,10.997
83920,2.703,2.801,0.000292,102491,54.64,11.0
83940,2.737,2.684,0.000291,102491,54.64,11.002
83960,2.755,2.709,0.000291,102493,54.64,11.005
83980,2.745,2.744,0.000291,102495,54.64,11.008
84000,2.644,2.738,0.000291,102485,54.64,11.01
84020,2.749,2.78,0.000291,102460,54.64,11.013
84040,2.764,2.771,0.000291,102462,54.64,11.015
84060,2.795,2.769,0.000291,102464,54.64,11.018
84080,2.781,2.782,0.000291,102466,54.64,11.021
84100,2.658,2.797,0.000291,102466,54.64,11.023
84120,2.785,2.762,0.00029,102468,54.64,11.026
84140,2.746,2.734,0.00029,102470,54.64,11.029
84160,2.677,2.767,0.00029,102472,54.64,11.031
84180,2.725,2.755,0.00029,102472,54.64,11.034
84200,2.735,2.732,0.00029,102474,54.64,11.036
84220,2.718,2.795,0.00029,102476,54.64,11.039
84240,2.77,2.739,0.00029,102478,54.64,11.042
84260,2.516,2.781,0.00029,102478,54.64,11.044
84280,2.753,2.758,0.00029,102480,54.64,11.047
84300,2.723,2.76,0.000289,102482,54.64,11.05
84320,2.832,2.725,0.000289,102484,54.64,11.052
84340,2.774,2.774,0.000289,102484,54.64,11.055
84360,2.811,2.769,0.000289,102486,54.64,11.057
84380,2.779,2.746,0.000289,102488,54.64,11.06
84400,2.805,2.813,0.000289,102490,54.64,11.063
84420,2.782,2.803,0.000289,102490,54.64,11.065
84440,2.797,2.773,0.000289,102492,54.64,11.068
84460,2.791,2.788,0.000289,102494,54.64,11.07
84480,2.866,2.76,0.000288,102496,54.64,11.073
84500,2.814,2.726,0.000288,102484,54.64,11.076
84520,2.79,2.783,0.000288,102460,54.64,11.078
84540,2.799,2.769,0.000288,102462,54.64,11.081
84560,2.828,2.775,0.000288,102464,54.64,11.084
84580,2.698,2.762,0.000288,102464,54.64,11.086
84600,2.797,2.737,0.000288,102466,54.64,11.089
84620,2.703,2.754,0.000288,102468,54.64,11.091
84640,2.778,2.776,0.000288,102470,54.64,11.094
84660,2.852,2.781,0.000287,102470,54.64,11.097
84680,2.8,2.776,0.000287,102472,54.64,11.099
84700,2.76,2.725,0.000287,102474,54.64,11.102
84720,2.829,2.785,0.000287,102476,54.64,11.105
84740,2.78,2.757,0.000287,102476,54.64,11.107
84760,2.771,2.735,0.000287,102478,54.64,11.11
84780,2.799,2.733,0.000287,102480,54.64,11.112
84800,2.675,2.774,0.000287,102482,54.64,11.115
84820,2.745,2.747,0.000287,102482,54.64,11.118
84840,2.667,2.763,0.000286,102484,54.64,11.12
84860,2.746,2.748,0.000286,102486,54.64,11.123
84880,2.842,2.752,0.000286,102488,54.64,11.126
84900,2.796,2.732,0.000286,102488,54.64,11.128
84920,2.682,2.752,0.000286,102490,54.64,11.131
84940,2.778,2.813,0.000286,102492,54.64,11.133
84960,2.656,2.744,0.000286,102494,54.64,11.136
84980,2.777,2.775,0.000286,102494,54.64,11.139
85000,2.666,2.709,0.000286,102483,54.64,11.141
85020,2.792,2.855,0.000285,102459,54.64,11.144
85040,2.678,2.773,0.000285,102461,54.64,11.146
85060,2.826,2.796,0.000285,102461,54.64,11.149
85080,2.805,2.77,0.000285,102463,54.64,11.152
85100,2.807,2.794,0.000285,102465,54.64,11.154
85120,2.753,2.751,0.000285,102467,54.64,11.157
85140,2.776,2.78,0.000285,102467,54.64,11.16
85160,2.733,2.762,0.000285,102469,54.64,11.162
85180,2.747,2.796,0.000285,102471,54.64,11.165
85200,2.76,2.808,0.000284,102473,54.64,11.167
85220,2.709,2.775,0.000284,102473,54.64,11.17
85240,2.687,2.783,0.000284,102475,54.64,11.173
85260,2.839,2.751,0.000284,102477,54.64,11.175
85280,2.821,2.77,0.000284,102479,54.64,11.178
85300,2.852,2.786,0.000284,102479,54.64,11.181
85320,2.815,2.751,0.000284,102481,54.64,11.183
85340,2.758,2.792,0.000284,102483,54.64,11.186
85360,2.765,2.758,0.000284,102485,54.64,11.188
85380,2.789,2.726,0.000283,102485,54.64,11.191
85400,2.698,2.751,0.000283,102487,54.64,11.194
85420,2.773,2.782,0.000283,102489,54.64,11.196
85440,2.728,2.849,0.000283,102491,54.64,11.199
85460,2.839,2.761,0.000283,102491,54.64,11.202
85480,2.684,2.778,0.000283,102493,54.64,11.204
85500,2.664,2.77,0.000283,102482,54.64,11.207
85520,2.769,2.775,0.000283,102460,54.64,11.209
85540,2.826,2.769,0.000283,102460,54.64,11.212
85560,2.61,2.664,0.000283,102462,54.64,11.215
85580,2.764,2.721,0.000282,102464,54.64,11.217
85600,2.786,2.753,0.000282,102466,54.64,11.22
85620,2.891,2.813,0.000282,102466,54.64,11.223
85640,2.822,2.761,0.000282,102468,54.64,11.225
85660,2.871,2.741,0.000282,102470,54.64,11.228
85680,2.811,2.721,0.000282,102472,54.64,11.23
85700,2.715,2.795,0.000282,102472,54.64,11.233
85720,2.82,2.76,0.000282,102474,54.64,11.236
85740,2.808,2.79,0.000282,102476,54.64,11.238
85760,2.768,2.821,0.000281,102478,54.64,11.241
85780,2.765,2.762,0.000281,102478,54.64,11.243
85800,2.701,2.741,0.000281,102480,54.64,11.246
85820,2.761,2.741,0.000281,102482,54.64,11.249
85840,2.744,2.772,0.000281,102484,54.64,11.251
85860,2.792,2.788,0.000281,102484,54.64,11.254
85880,2.777,2.746,0.000281,102486,54.64,11.257
85900,2.74,2.724,0.000281,102488,54.64,11.259
85920,2.636,2.76,0.000281,102490,54.64,11.262
85940,2.805,2.72,0.00028,102490,54.64,11.264
85960,2.635,2.771,0.00028,102492,54.64,11.267
85980,2.748,2.752,0.00028,102494,54.64,11.27
86000,2.837,2.768,0.00028,102483,54.64,11.272
86020,2.746,2.768,0.00028,102458,54.64,11.275
86040,2.811,2.79,0.00028,102460,54.64,11.278
86060,2.67,2.767,0.00028,102461,54.64,11.28
86080,2.761,2.736,0.00028,102463,54.64,11.283
86100,2.841,2.764,0.00028,102464,54.64,11.285
86120,2.57,2.783,0.000279,102466,54.64,11.288
86140,2.722,2.78,0.000279,102467,54.64,11.291
86160,2.755,2.741,0.000279,102469,54.64,11.293
86180,2.838,2.76,0.000279,102469,54.64,11.296
86200,2.737,2.784,0.000279,102471,54.64,11.299
86220,2.694,2.806,0.000279,102473,54.64,11.301
86240,2.718,2.765,0.000279,102475,54.64,11.304
86260,2.821,2.741,0.000279,102475,54.64,11.306
86280,2.695,2.739,0.000279,102477,54.64,11.309
86300,2.802,2.785,0.000278,102479,54.64,11.312
86320,2.851,2.743,0.000278,102481,54.64,11.314
86340,2.758,2.785,0.000278,102481,54.64,11.317
86360,2.795,2.746,0.000278,102483,54.64,11.32
86380,2.76,2.755,0.000278,102485,54.64,11.322
86400,2.929,2.737,0.000278,102486,54.64,11.325
86420,2.722,2.793,0.000278,102487,54.64,11.327
86440,2.761,2.726,0.000278,102489,54.64,11.33
86460,2.771,2.741,0.000278,102490,54.64,11.333
86480,2.655,2.768,0.000277,102492,54.64,11.335
86500,2.718,2.742,0.000277,102480,54.64,11.338
86520,2.782,2.765,0.000277,102457,54.64,11.34
86540,2.755,2.721,0.000277,102459,54.64,11.343
86560,2.745,2.793,0.000277,102461,54.64,11.346
86580,2.794,2.756,0.000277,102461,54.64,11.348
86600,2.759,2.751,0.000277,102463,54.64,11.351
86620,2.734,2.73,0.000277,102465,54.64,11.354
86640,2.767,2.746,0.000277,102466,54.64,11.356
86660,2.95,2.787,0.000276,102467,54.64,11.359
86680,2.657,2.74,0.000276,102469,54.64,11.361
86700,2.716,2.727,0.000276,102470,54.64,11.364
86720,2.792,2.75,0.000276,102472,54.64,11.367
86740,2.649,2.755,0.000276,102473,54.64,11.369
86760,2.782,2.705,0.000276,102474,54.64,11.372
86780,2.612,2.756,0.000276,102476,54.64,11.375
86800,2.703,2.789,0.000276,102478,54.64,11.377
86820,2.769,2.743,0.000276,102478,54.64,11.38
86840,2.651,2.757,0.000275,102480,54.64,11.382
86860,2.655,2.78,0.000275,102482,54.64,11.385
86880,2.91,2.813,0.000275,102484,54.64,11.388
86900,2.719,2.764,0.000275,102484,54.64,11.39
86920,2.712,2.772,0.000275,102486,54.64,11.393
86940,2.83,2.789,0.000275,102488,54.64,11.396
86960,2.762,2.816,0.000275,102490,54.64,11.398
86980,2.718,2.762,0.000275,102490,54.64,11.401
87000,2.771,2.792,0.000275,102480,54.64,11.403
87020,2.896,2.714,0.000274,102456,54.64,11.406
87040,2.806,2.744,0.000274,102458,54.64,11.409
87060,2.777,2.709,0.000274,102458,54.64,11.411
87080,2.815,2.731,0.000274,102460,54.64,11.414
87100,2.579,2.717,0.000274,102462,54.64,11.417
87120,2.885,2.771,0.000274,102464,54.64,11.419
87140,2.806,2.756,0.000274,102464,54.64,11.422
87160,2.689,2.787,0.000274,102466,54.64,11.424
87180,2.657,2.761,0.000274,102468,54.64,11.427
87200,2.819,2.773,0.000273,102470,54.64,11.43
87220,2.733,2.746,0.000273,102470,54.64,11.432
87240,2.659,2.725,0.000273,102472,54.64,11.435
87260,2.845,2.783,0.000273,102474,54.64,11.437
87280,2.628,2.803,0.000273,102476,54.64,11.44
87300,2.709,2.751,0.000273,102476,54.64,11.443
87320,2.737,2.75,0.000273,102478,54.64,11.445
87340,2.742,2.75,0.000273,102480,54.64,11.448
87360,2.72,2.789,0.000273,102481,54.64,11.451
87380,2.723,2.72,0.000272,102482,54.64,11.453
87400,2.895,2.792,0.000272,102484,54.64,11.456
87420,2.882,2.752,0.000272,102485,54.64,11.458
87440,2.717,2.753,0.000272,102487,54.64,11.461
87460,2.765,2.739,0.000272,102487,54.64,11.464
87480,2.835,2.778,0.000272,102489,54.64,11.466
87500,2.688,2.732,0.000272,102479,54.64,11.469
87520,2.717,2.735,0.000272,102457,54.64,11.472
87540,2.802,2.783,0.000272,102458,54.64,11.474
87560,2.762,2.778,0.000271,102460,54.64,11.477
87580,2.745,2.757,0.000271,102461,54.64,11.479
87600,2.861,2.773,0.000271,102463,54.64,11.482
87620,2.7,2.749,0.000271,102464,54.64,11.485
87640,2.675,2.794,0.000271,102465,54.64,11.487
87660,2.698,2.718,0.000271,102467,54.64,11.49
87680,2.809,2.723,0.000271,102469,54.64,11.493
87700,2.632,2.729,0.000271,102469,54.64,11.495
87720,2.83,2.74,0.000271,102471,54.64,11.498
87740,2.751,2.739,0.000271,102473,54.64,11.5
87760,2.674,2.718,0.00027,102475,54.64,11.503
87780,2.742,2.776,0.00027,102475,54.64,11.506
87800,2.764,2.724,0.00027,102477,54.64,11.508
87820,2.634,2.795,0.00027,102479,54.64,11.511
87840,2.921,2.727,0.00027,102481,54.64,11.513
87860,2.731,2.771,0.00027,102481,54.64,11.516
87880,2.738,2.786,0.00027,102483,54.64,11.519
87900,2.681,2.796,0.00027,102485,54.64,11.521
87920,2.71,2.752,0.00027,102486,54.64,11.524
87940,2.629,2.783,0.000269,102487,54.64,11.527
87960,2.693,2.769,0.000269,102488,54.64,11.529
87980,2.887,2.764,0.000269,102490,54.64,11.532
88000,2.768,2.815,0.000269,102480,54.64,11.534
88020,2.678,2.811,0.000269,102457,54.64,11.537
88040,2.82,2.752,0.000269,102459,54.64,11.54
88060,2.798,2.795,0.000269,102461,54.64,11.542
88080,2.715,2.727,0.000269,102463,54.64,11.545
88100,2.814,2.744,0.000269,102463,54.64,11.548
88120,2.603,2.724,0.000268,102465,54.64,11.55
88140,2.725,2.77,0.000268,102467,54.64,11.553
88160,2.786,2.81,0.000268,102468,54.64,11.555
88180,2.7,2.75,0.000268,102469,54.64,11.558
88200,2.847,2.785,0.000268,102470,54.64,11.561
88220,2.759,2.747,0.000268,102472,54.64,11.563
88240,2.613,2.791,0.000268,102474,54.64,11.566
88260,2.736,2.775,0.000268,102474,54.64,11.569
88280,2.72,2.775,0.000268,102476,54.64,11.571
88300,2.732,2.715,0.000267,102478,54.64,11.574
88320,2.786,2.781,0.000267,102480,54.64,11.576
88340,2.757,2.757,0.000267,102480,54.64,11.579
88360,2.777,2.797,0.000267,102482,54.64,11.582
88380,2.713,2.766,0.000267,102484,54.64,11.584
88400,2.701,2.75,0.000267,102486,54.64,11.587
88420,2.78,2.746,0.000267,102486,54.64,11.59
88440,2.746,2.773,0.000267,102488,54.64,11.592
88460,2.716,2.739,0.000267,102489,54.64,11.595
88480,2.775,2.73,0.000266,102491,54.64,11.597
88500,2.634,2.765,0.000266,102479,54.64,11.6
88520,2.856,2.814,0.000266,102458,54.64,11.603
88540,2.846,2.807,0.000266,102460,54.64,11.605
88560,2.609,2.731,0.000266,102462,54.64,11.608
88580,2.76,2.77,0.000266,102462,54.64,11.61
88600,2.702,2.789,0.000266,102464,54.64,11.613
88620,2.745,2.762,0.000266,102466,54.64,11.616
88640,2.765,2.761,0.000266,102467,54.64,11.618
88660,2.673,2.74,0.000265,102468,54.64,11.621
88680,2.794,2.784,0.000265,102469,54.64,11.624
88700,2.685,2.758,0.000265,102471,54.64,11.626
88720,2.791,2.764,0.000265,102473,54.64,11.629
88740,2.794,2.787,0.000265,102473,54.64,11.631
88760,2.725,2.794,0.000265,102475,54.64,11.634
88780,2.871,2.735,0.000265,102477,54.64,11.637
88800,2.596,2.747,0.000265,102479,54.64,11.639
88820,2.743,2.792,0.000265,102479,54.64,11.642
88840,2.767,2.728,0.000264,102481,54.64,11.645
88860,2.85,2.762,0.000264,102483,54.64,11.647
88880,2.802,2.749,0.000264,102484,54.64,11.65
88900,2.808,2.777,0.000264,102485,54.64,11.652
88920,2.759,2.752,0.000264,102486,54.64,11.655
88940,2.783,2.772,0.000264,102488,54.64,11.658
88960,2.615,2.76,0.000264,102490,54.64,11.66
88980,2.682,2.708,0.000264,102490,54.64,11.663
89000,2.878,2.755,0.000264,102479,54.64,11.666
89020,2.767,2.774,0.000264,102453,54.64,11.668
89040,2.635,2.73,0.000263,102455,54.64,11.671
89060,2.906,2.758,0.000263,102455,54.64,11.673
89080,2.929,2.762,0.000263,102457,54.64,11.676
89100,2.846,2.757,0.000263,102458,54.64,11.679
89120,2.709,2.767,0.000263,102460,54.64,11.681
89140,2.844,2.747,0.000263,102461,54.64,11.684
89160,2.748,2.782,0.000263,102462,54.64,11.687
89180,2.482,2.744,0.000263,102464,54.64,11.689
89200,2.742,2.77,0.000263,102466,54.64,11.692
89220,2.797,2.761,0.000262,102466,54.64,11.694
89240,2.82,2.752,0.000262,102468,54.64,11.697
89260,2.695,2.772,0.000262,102470,54.64,11.7
89280,2.781,2.747,0.000262,102472,54.64,11.702
89300,2.843,2.73,0.000262,102472,54.64,11.705
89320,2.695,2.762,0.000262,102474,54.64,11.707
89340,2.826,2.754,0.000262,102475,54.64,11.71
89360,2.798,2.755,0.000262,102477,54.64,11.713
89380,2.775,2.758,0.000262,102478,54.64,11.715
89400,2.796,2.75,0.000261,102479,54.64,11.718
89420,2.776,2.77,0.000261,102481,54.64,11.721
89440,2.696,2.787,0.000261,102483,54.64,11.723
89460,2.6,2.827,0.000261,102483,54.64,11.726
89480,2.657,2.799,0.000261,102485,54.64,11.728
89500,2.837,2.741,0.000261,102476,54.64,11.731
89520,2.663,2.769,0.000261,102453,54.64,11.734
89540,2.799,2.76,0.000261,102453,54.64,11.736
89560,2.688,2.76,0.000261,102455,54.64,11.739
89580,2.656,2.769,0.00026,102457,54.64,11.742
89600,2.721,2.758,0.00026,102459,54.64,11.744
89620,2.645,2.764,0.00026,102459,54.64,11.747
89640,2.768,2.785,0.00026,102461,54.64,11.749
89660,2.808,2.764,0.00026,102463,54.64,11.752
89680,2.768,2.769,0.00026,102464,54.64,11.755
89700,2.776,2.78,0.00026,102465,54.64,11.757
89720,2.782,2.755,0.00026,102466,54.64,11.76
89740,2.634,2.763,0.00026,102468,54.64,11.763
89760,2.83,2.789,0.000259,102470,54.64,11.765
89780,2.767,2.758,0.000259,102470,54.64,11.768
89800,2.766,2.746,0.000259,102472,54.64,11.77
89820,2.687,2.731,0.000259,102474,54.64,11.773
89840,2.763,2.783,0.000259,102476,54.64,11.776
89860,2.836,2.774,0.000259,102476,54.64,11.778
89880,2.833,2.801,0.000259,102478,54.64,11.781
89900,2.702,2.727,0.000259,102479,54.64,11.784
89920,2.817,2.785,0.000259,102481,54.64,11.786
89940,2.672,2.728,0.000259,102481,54.64,11.789
89960,2.874,2.793,0.000258,102483,54.64,11.791
89980,2.703,2.753,0.000258,102485,54.64,11.794
90000,2.66,2.768,0.000258,102474,54.64,11.797
90020,2.664,2.753,0.000258,102450,54.64,11.799
90040,2.832,2.752,0.000258,102452,54.64,11.802
90060,2.749,2.743,0.000258,102454,54.64,11.804
90080,2.763,2.755,0.000258,102456,54.64,11.807
90100,2.796,2.732,0.000258,102456,54.64,11.81
90120,2.628,2.737,0.000258,102458,54.64,11.812
90140,2.693,2.758,0.000257,102460,54.64,11.815
90160,2.815,2.739,0.000257,102462,54.64,11.818
90180,2.757,2.765,0.000257,102462,54.64,11.82
90200,2.733,2.789,0.000257,102464,54.64,11.823
90220,2.582,2.741,0.000257,102465,54.64,11.825
90240,2.851,2.782,0.000257,102467,54.64,11.828
90260,2.723,2.731,0.000257,102468,54.64,11.831
90280,2.921,2.777,0.000257,102469,54.64,11.833
90300,2.813,2.76,0.000257,102471,54.64,11.836
90320,2.712,2.756,0.000256,102473,54.64,11.839
90340,2.715,2.722,0.000256,102473,54.64,11.841
90360,2.763,2.776,0.000256,102475,54.64,11.844
90380,2.803,2.772,0.000256,102477,54.64,11.846
90400,2.822,2.753,0.000256,102478,54.64,11.849
90420,2.719,2.742,0.000256,102479,54.64,11.852
90440,2.812,2.752,0.000256,102481,54.64,11.854
90460,2.82,2.744,0.000256,102482,54.64,11.857
90480,2.753,2.732,0.000256,102484,54.64,11.86
90500,2.688,2.72,0.000255,102472,54.64,11.862
90520,2.699,2.754,0.000255,102450,54.64,11.865
90540,2.825,2.713,0.000255,102451,54.64,11.867
90560,2.776,2.795,0.000255,102453,54.64,11.87
90580,2.774,2.753,0.000255,102454,54.64,11.873
90600,2.629,2.758,0.000255,102455,54.64,11.875
90620,2.646,2.785,0.000255,102457,54.64,11.878
90640,2.738,2.781,0.000255,102459,54.64,11.88
90660,2.742,2.722,0.000255,102459,54.64,11.883
90680,2.707,2.769,0.000255,102461,54.64,11.886
90700,2.756,2.737,0.000254,102463,54.64,11.888
90720,2.835,2.772,0.000254,102465,54.64,11.891
90740,2.738,2.726,0.000254,102465,54.64,11.894
90760,2.849,2.762,0.000254,102467,54.64,11.896
90780,2.684,2.718,0.000254,102468,54.64,11.899
90800,2.698,2.821,0.000254,102470,54.64,11.901
90820,2.659,2.74,0.000254,102470,54.64,11.904
90840,2.795,2.791,0.000254,102472,54.64,11.907
90860,2.652,2.753,0.000254,102474,54.64,11.909
90880,2.776,2.729,0.000253,102476,54.64,11.912
90900,2.702,2.732,0.000253,102476,54.64,11.915
90920,2.682,2.705,0.000253,102478,54.64,11.917
90940,2.779,2.709,0.000253,102480,54.64,11.92
90960,2.845,2.769,0.000253,102481,54.64,11.922
90980,2.745,2.751,0.000253,102482,54.64,11.925
91000,2.825,2.793,0.000253,102472,54.64,11.928
91020,2.67,2.77,0.000253,102450,54.64,11.93
91040,2.792,2.801,0.000253,102452,54.64,11.933
91060,2.759,2.739,0.000252,102452,54.64,11.936
91080,2.791,2.764,0.000252,102454,54.64,11.938
91100,2.848,2.766,0.000252,102456,54.64,11.941
91120,2.773,2.743,0.000252,102458,54.64,11.943
91140,2.738,2.763,0.000252,102458,54.64,11.946
91160,2.809,2.766,0.000252,102460,54.64,11.949
91180,2.662,2.748,0.000252,102462,54.64,11.951
91200,2.707,2.729,0.000252,102463,54.64,11.954
91220,2.728,2.751,0.000252,102464,54.64,11.957
91240,2.673,2.756,0.000252,102465,54.64,11.959
91260,2.862,2.76,0.000251,102467,54.64,11.962
91280,2.676,2.732,0.000251,102469,54.64,11.964
91300,2.824,2.768,0.000251,102469,54.64,11.967
91320,2.845,2.778,0.000251,102471,54.64,11.97
91340,2.74,2.801,0.000251,102472,54.64,11.972
91360,2.602,2.79,0.000251,102474,54.64,11.975
91380,2.673,2.765,0.000251,102475,54.64,11.977
91400,2.636,2.783,0.000251,102476,54.64,11.98
91420,2.811,2.74,0.000251,102478,54.64,11.983
91440,2.629,2.815,0.00025,102480,54.64,11.985
91460,2.617,2.793,0.00025,102480,54.64,11.988
91480,2.83,2.697,0.00025,102482,54.64,11.991
91500,2.772,2.725,0.00025,102472,54.64,11.993
91520,2.849,2.777,0.00025,102451,54.64,11.996
91540,2.684,2.753,0.00025,102452,54.64,11.998
91560,2.704,2.73,0.00025,102454,54.64,12.001
91580,2.666,2.727,0.00025,102455,54.64,12.004
91600,2.726,2.728,0.00025,102457,54.64,12.006
91620,2.683,2.753,0.000249,102457,54.64,12.009
91640,2.756,2.757,0.000249,102459,54.64,12.012
91660,2.67,2.752,0.000249,102461,54.64,12.014
91680,2.8,2.749,0.000249,102463,54.64,12.017
91700,2.76,2.722,0.000249,102463,54.64,12.019
91720,2.73,2.816,0.000249,102465,54.64,12.022
91740,2.786,2.747,0.000249,102466,54.64,12.025
91760,2.805,2.729,0.000249,102468,54.64,12.027
91780,2.739,2.744,0.000249,102468,54.64,12.03
91800,2.834,2.743,0.000249,102470,54.64,12.033
91820,2.855,2.766,0.000248,102472,54.64,12.035
91840,2.727,2.779,0.000248,102474,54.64,12.038
91860,2.742,2.756,0.000248,102474,54.64,12.04
91880,2.696,2.728,0.000248,102475,54.64,12.043
91900,2.786,2.768,0.000248,102477,54.64,12.046
91920,2.703,2.737,0.000248,102479,54.64,12.048
91940,2.771,2.707,0.000248,102479,54.64,12.051
91960,2.849,2.759,0.000248,102481,54.64,12.054
91980,2.793,2.746,0.000248,102483,54.64,12.056
92000,2.738,2.778,0.000247,102473,54.64,12.059
92020,2.708,2.749,0.000247,102450,54.64,12.061
92040,2.734,2.735,0.000247,102452,54.64,12.064
92060,2.813,2.693,0.000247,102454,54.64,12.067
92080,2.793,2.783,0.000247,102456,54.64,12.069
92100,2.573,2.749,0.000247,102456,54.64,12.072
92120,2.762,2.739,0.000247,102458,54.64,12.074
92140,2.739,2.739,0.000247,102459,54.64,12.077
92160,2.78,2.731,0.000247,102461,54.64,12.08
92180,2.685,2.743,0.000246,102461,54.64,12.082
92200,2.715,2.726,0.000246,102463,54.64,12.085
92220,2.898,2.733,0.000246,102465,54.64,12.088
92240,2.86,2.74,0.000246,102466,54.64,12.09
92260,2.681,2.771,0.000246,102467,54.64,12.093
92280,2.608,2.746,0.000246,102469,54.64,12.095
92300,2.65,2.704,0.000246,102470,54.64,12.098
92320,2.662,2.72,0.000246,102472,54.64,12.101
92340,2.787,2.73,0.000246,102472,54.64,12.103
92360,2.739,2.724,0.000246,102474,54.64,12.106
92380,2.662,2.755,0.000245,102476,54.64,12.109
92400,2.874,2.736,0.000245,102477,54.64,12.111
92420,2.894,2.755,0.000245,102478,54.64,12.114
92440,2.777,2.794,0.000245,102480,54.64,12.116
92460,2.805,2.79,0.000245,102481,54.64,12.119
92480,2.761,2.725,0.000245,102483,54.64,12.122
92500,2.572,2.785,0.000245,102471,54.64,12.124
92520,2.724,2.792,0.000245,102449,54.64,12.127
92540,2.724,2.721,0.000245,102450,54.64,12.13
92560,2.876,2.726,0.000244,102452,54.64,12.132
92580,2.782,2.752,0.000244,102452,54.64,12.135
92600,2.684,2.783,0.000244,102454,54.64,12.137
92620,2.818,2.691,0.000244,102456,54.64,12.14
92640,2.718,2.704,0.000244,102458,54.64,12.143
92660,2.737,2.793,0.000244,102458,54.64,12.145
92680,2.698,2.791,0.000244,102460,54.64,12.148
92700,2.647,2.731,0.000244,102461,54.64,12.151
92720,2.776,2.789,0.000244,102463,54.64,12.153
92740,2.824,2.73,0.000243,102463,54.64,12.156
92760,2.726,2.702,0.000243,102465,54.64,12.158
92780,2.7,2.752,0.000243,102467,54.64,12.161
92800,2.782,2.776,0.000243,102469,54.64,12.164
92820,2.801,2.728,0.000243,102469,54.64,12.166
92840,2.747,2.745,0.000243,102471,54.64,12.169
92860,2.639,2.758,0.000243,102472,54.64,12.171
92880,2.688,2.782,0.000243,102474,54.64,12.174
92900,2.759,2.749,0.000243,102474,54.64,12.177
92920,2.818,2.718,0.000243,102476,54.64,12.179
92940,2.853,2.78,0.000242,102478,54.64,12.182
92960,2.908,2.74,0.000242,102480,54.64,12.185
92980,2.73,2.732,0.000242,102480,54.64,12.187
93000,2.646,2.683,0.000242,102469,54.64,12.19
93020,2.716,2.787,0.000242,102447,54.64,12.192
93040,2.744,2.796,0.000242,102449,54.64,12.195
93060,2.815,2.737,0.000242,102449,54.64,12.198
93080,2.785,2.764,0.000242,102451,54.64,12.2
93100,2.744,2.798,0.000242,102453,54.64,12.203
93120,2.686,2.723,0.000241,102454,54.64,12.206
93140,2.734,2.718,0.000241,102455,54.64,12.208
93160,2.644,2.782,0.000241,102456,54.64,12.211
93180,2.682,2.712,0.000241,102458,54.64,12.213
93200,2.896,2.768,0.000241,102460,54.64,12.216
93220,2.679,2.747,0.000241,102460,54.64,12.219
93240,2.812,2.729,0.000241,102462,54.64,12.221
93260,2.68,2.778,0.000241,102464,54.64,12.224
93280,2.842,2.734,0.000241,102465,54.64,12.227
93300,2.822,2.731,0.000241,102466,54.64,12.229
93320,2.739,2.759,0.00024,102467,54.64,12.232
93340,2.658,2.736,0.00024,102469,54.64,12.234
93360,2.647,2.739,0.00024,102471,54.64,12.237
93380,2.721,2.739,0.00024,102471,54.64,12.24
93400,2.787,2.81,0.00024,102473,54.64,12.242
93420,2.745,2.697,0.00024,102474,54.64,12.245
93440,2.843,2.796,0.00024,102476,54.64,12.247
93460,2.802,2.776,0.00024,102476,54.64,12.25
93480,2.711,2.793,0.00024,102478,54.64,12.253
93500,2.763,2.717,0.000239,102468,54.64,12.255
93520,2.789,2.794,0.000239,102447,54.64,12.258
93540,2.859,2.7,0.000239,102447,54.64,12.261
93560,2.659,2.718,0.000239,102449,54.64,12.263
93580,2.702,2.749,0.000239,102451,54.64,12.266
93600,2.756,2.775,0.000239,102452,54.64,12.268
93620,2.831,2.699,0.000239,102453,54.64,12.271
93640,2.755,2.695,0.000239,102454,54.64,12.274
93660,2.761,2.729,0.000239,102456,54.64,12.276
93680,2.583,2.736,0.000239,102458,54.64,12.279
93700,2.788,2.751,0.000238,102458,54.64,12.282
93720,2.852,2.726,0.000238,102460,54.64,12.284
93740,2.701,2.765,0.000238,102461,54.64,12.287
93760,2.728,2.773,0.000238,102463,54.64,12.289
93780,2.734,2.708,0.000238,102463,54.64,12.292
93800,2.767,2.764,0.000238,102465,54.64,12.295
93820,2.859,2.721,0.000238,102467,54.64,12.297
93840,2.728,2.686,0.000238,102468,54.64,12.3
93860,2.709,2.731,0.000238,102469,54.64,12.303
93880,2.601,2.78,0.000237,102470,54.64,12.305
93900,2.706,2.706,0.000237,102472,54.64,12.308
93920,2.776,2.764,0.000237,102474,54.64,12.31
93940,2.823,2.754,0.000237,102474,54.64,12.313
93960,2.713,2.781,0.000237,102476,54.64,12.316
93980,2.756,2.706,0.000237,102477,54.64,12.318
94000,2.822,2.744,0.000237,102467,54.64,12.321
94020,2.773,2.725,0.000237,102443,54.64,12.324
94040,2.71,2.749,0.000237,102445,54.64,12.326
94060,2.653,2.758,0.000237,102447,54.64,12.329
94080,2.56,2.75,0.000236,102449,54.64,12.331
94100,2.795,2.768,0.000236,102449,54.64,12.334
94120,2.672,2.734,0.000236,102451,54.64,12.337
94140,2.665,2.768,0.000236,102452,54.64,12.339
94160,2.784,2.768,0.000236,102454,54.64,12.342
94180,2.638,2.777,0.000236,102454,54.64,12.344
94200,2.942,2.708,0.000236,102456,54.64,12.347
94220,2.745,2.74,0.000236,102458,54.64,12.35
94240,2.814,2.74,0.000236,102459,54.64,12.352
94260,2.863,2.756,0.000235,102460,54.64,12.355
94280,2.823,2.801,0.000235,102461,54.64,12.358
94300,2.749,2.712,0.000235,102463,54.64,12.36
94320,2.724,2.765,0.000235,102465,54.64,12.363
94340,2.811,2.674,0.000235,102465,54.64,12.365
94360,2.793,2.794,0.000235,102467,54.64,12.368
94380,2.74,2.729,0.000235,102469,54.64,12.371
94400,2.821,2.716,0.000235,102470,54.64,12.373
94420,2.58,2.768,0.000235,102471,54.64,12.376
94440,2.972,2.704,0.000235,102472,54.64,12.379
94460,2.721,2.752,0.000234,102474,54.64,12.381
94480,2.731,2.754,0.000234,102476,54.64,12.384
94500,2.811,2.747,0.000234,102464,54.64,12.386
94520,2.643,2.689,0.000234,102444,54.64,12.389
94540,2.749,2.742,0.000234,102445,54.64,12.392
94560,2.9,2.72,0.000234,102447,54.64,12.394
94580,2.903,2.781,0.000234,102447,54.64,12.397
94600,2.71,2.754,0.000234,102449,54.64,12.4
94620,2.822,2.727,0.000234,102451,54.64,12.402
94640,2.64,2.741,0.000233,102453,54.64,12.405
94660,2.806,2.767,0.000233,102453,54.64,12.407
94680,2.798,2.739,0.000233,102455,54.64,12.41
94700,2.82,2.739,0.000233,102456,54.64,12.413
94720,2.801,2.727,0.000233,102458,54.64,12.415
94740,2.676,2.749,0.000233,102458,54.64,12.418
94760,2.753,2.691,0.000233,102460,54.64,12.421
94780,2.696,2.767,0.000233,102461,54.64,12.423
94800,2.828,2.76,0.000233,102463,54.64,12.426
94820,2.696,2.755,0.000233,102463,54.64,12.428
94840,2.713,2.741,0.000232,102465,54.64,12.431
94860,2.766,2.75,0.000232,102467,54.64,12.434
94880,2.62,2.711,0.000232,102468,54.64,12.436
94900,2.606,2.722,0.000232,102469,54.64,12.439
94920,2.772,2.751,0.000232,102470,54.64,12.441
94940,2.652,2.781,0.000232,102472,54.64,12.444
94960,2.679,2.677,0.000232,102474,54.64,12.447
94980,2.813,2.775,0.000232,102474,54.64,12.449
95000,2.93,2.724,0.000232,102463,54.64,12.452
95020,2.62,2.755,0.000231,102439,54.64,12.455
95040,2.74,2.761,0.000231,102441,54.64,12.457
95060,2.74,2.737,0.000231,102441,54.64,12.46
95080,2.825,2.728,0.000231,102443,54.64,12.462
95100,2.815,2.73,0.000231,102445,54.64,12.465
95120,2.815,2.733,0.000231,102446,54.64,12.468
95140,2.84,2.788,0.000231,102447,54.64,12.47
95160,2.775,2.753,0.000231,102449,54.64,12.473
95180,2.798,2.741,0.000231,102450,54.64,12.476
95200,2.731,2.706,0.000231,102452,54.64,12.478
95220,2.648,2.736,0.00023,102452,54.64,12.481
95240,2.574,2.743,0.00023,102454,54.64,12.483
95260,2.772,2.721,0.00023,102456,54.64,12.486
95280,2.69,2.743,0.00023,102457,54.64,12.489
95300,2.74,2.744,0.00023,102458,54.64,12.491
95320,2.728,2.734,0.00023,102460,54.64,12.494
95340,2.663,2.746,0.00023,102461,54.64,12.497
95360,2.777,2.717,0.00023,102463,54.64,12.499
95380,2.693,2.756,0.00023,102463,54.64,12.502
95400,2.743,2.743,0.000229,102465,54.64,12.504
95420,2.792,2.804,0.000229,102467,54.64,12.507
95440,2.766,2.737,0.000229,102468,54.64,12.51
95460,2.723,2.768,0.000229,102469,54.64,12.512
95480,2.762,2.718,0.000229,102470,54.64,12.515
95500,2.925,2.754,0.000229,102460,54.64,12.518
95520,2.697,2.715,0.000229,102438,54.64,12.52
95540,2.701,2.723,0.000229,102438,54.64,12.523
95560,2.715,2.718,0.000229,102440,54.64,12.525
95580,2.657,2.707,0.000229,102442,54.64,12.528
95600,2.69,2.756,0.000228,102444,54.64,12.531
95620,2.745,2.755,0.000228,102444,54.64,12.533
95640,2.761,2.701,0.000228,102446,54.64,12.536
95660,2.649,2.722,0.000228,102447,54.64,12.538
95680,2.729,2.754,0.000228,102449,54.64,12.541
95700,2.814,2.759,0.000228,102449,54.64,12.544
95720,2.658,2.686,0.000228,102451,54.64,12.546
95740,2.59,2.772,0.000228,102453,54.64,12.549
95760,2.777,2.751,0.000228,102455,54.64,12.552
95780,2.765,2.714,0.000228,102455,54.64,12.554
95800,2.711,2.739,0.000227,102457,54.64,12.557
95820,2.916,2.763,0.000227,102458,54.64,12.559
95840,2.764,2.767,0.000227,102460,54.64,12.562
95860,2.643,2.751,0.000227,102460,54.64,12.565
95880,2.885,2.676,0.000227,102462,54.64,12.567
95900,2.904,2.701,0.000227,102464,54.64,12.57
95920,2.76,2.699,0.000227,102465,54.64,12.573
95940,2.893,2.731,0.000227,102466,54.64,12.575
95960,2.771,2.763,0.000227,102468,54.64,12.578
95980,2.814,2.779,0.000226,102469,54.64,12.58
96000,2.732,2.736,0.000226,102460,54.64,12.583
96020,2.806,2.76,0.000226,102438,54.64,12.586
96040,2.747,2.726,0.000226,102440,54.64,12.588
96060,2.756,2.713,0.000226,102441,54.64,12.591
96080,2.703,2.732,0.000226,102443,54.64,12.594
96100,2.793,2.738,0.000226,102444,54.64,12.596
96120,2.732,2.725,0.000226,102445,54.64,12.599
96140,2.657,2.71,0.000226,102447,54.64,12.601
96160,2.796,2.784,0.000226,102449,54.64,12.604
96180,2.77,2.73,0.000225,102449,54.64,12.607
96200,2.781,2.727,0.000225,102451,54.64,12.609
96220,2.69,2.745,0.000225,102452,54.64,12.612
96240,2.773,2.746,0.000225,102454,54.64,12.615
96260,2.69,2.704,0.000225,102454,54.64,12.617
96280,2.812,2.791,0.000225,102456,54.64,12.62
96300,2.666,2.734,0.000225,102458,54.64,12.622
96320,2.686,2.72,0.000225,102459,54.64,12.625
96340,2.568,2.725,0.000225,102460,54.64,12.628
96360,2.815,2.749,0.000224,102461,54.64,12.63
96380,2.605,2.73,0.000224,102463,54.64,12.633
96400,2.804,2.737,0.000224,102465,54.64,12.635
96420,2.623,2.733,0.000224,102465,54.64,12.638
96440,2.686,2.734,0.000224,102467,54.64,12.641
96460,2.983,2.74,0.000224,102468,54.64,12.643
96480,2.749,2.706,0.000224,102470,54.64,12.646
96500,2.696,2.755,0.000224,102459,54.64,12.649
96520,3.069,2.737,0.000224,102439,54.64,12.651
96540,2.729,2.725,0.000224,102441,54.64,12.654
96560,2.663,2.767,0.000223,102443,54.64,12.656
96580,2.862,2.728,0.000223,102443,54.64,12.659
96600,2.723,2.72,0.000223,102445,54.64,12.662
96620,2.807,2.74,0.000223,102446,54.64,12.664
96640,2.756,2.719,0.000223,102448,54.64,12.667
96660,2.911,2.73,0.000223,102448,54.64,12.67
96680,2.632,2.718,0.000223,102450,54.64,12.672
96700,2.785,2.728,0.000223,102452,54.64,12.675
96720,2.746,2.775,0.000223,102453,54.64,12.677
96740,2.721,2.759,0.000223,102454,54.64,12.68
96760,2.754,2.728,0.000222,102455,54.64,12.683
96780,2.696,2.777,0.000222,102457,54.64,12.685
96800,2.746,2.778,0.000222,102459,54.64,12.688
96820,2.735,2.759,0.000222,102459,54.64,12.691
96840,2.847,2.735,0.000222,102461,54.64,12.693
96860,2.767,2.77,0.000222,102463,54.64,12.696
96880,2.813,2.737,0.000222,102464,54.64,12.698
96900,2.641,2.775,0.000222,102465,54.64,12.701
96920,2.79,2.783,0.000222,102466,54.64,12.704
96940,2.657,2.745,0.000222,102468,54.64,12.706
96960,2.684,2.749,0.000221,102470,54.64,12.709
96980,2.71,2.77,0.000221,102470,54.64,12.711
97000,2.654,2.784,0.000221,102460,54.64,12.714
97020,2.705,2.663,0.000221,102438,54.64,12.717
97040,2.752,2.778,0.000221,102440,54.64,12.719
97060,2.798,2.759,0.000221,102440,54.64,12.722
97080,2.66,2.71,0.000221,102442,54.64,12.725
97100,2.732,2.743,0.000221,102444,54.64,12.727
97120,2.695,2.717,0.000221,102445,54.64,12.73
97140,2.663,2.711,0.00022,102446,54.64,12.732
97160,2.69,2.708,0.00022,102448,54.64,12.735
97180,2.883,2.729,0.00022,102449,54.64,12.738
97200,2.72,2.751,0.00022,102451,54.64,12.74
97220,2.798,2.74,0.00022,102451,54.64,12.743
97240,2.679,2.719,0.00022,102453,54.64,12.746
97260,2.729,2.732,0.00022,102454,54.64,12.748
97280,2.719,2.749,0.00022,102456,54.64,12.751
97300,2.717,2.724,0.00022,102456,54.64,12.753
97320,2.626,2.731,0.00022,102458,54.64,12.756
97340,2.578,2.745,0.000219,102460,54.64,12.759
97360,2.792,2.824,0.000219,102461,54.64,12.761
97380,2.815,2.753,0.000219,102462,54.64,12.764
97400,2.758,2.759,0.000219,102463,54.64,12.767
97420,2.752,2.755,0.000219,102465,54.64,12.769
97440,2.703,2.699,0.000219,102467,54.64,12.772
97460,2.675,2.762,0.000219,102467,54.64,12.774
97480,2.69,2.769,0.000219,102469,54.64,12.777
97500,2.544,2.68,0.000219,102459,54.64,12.78
97520,2.588,2.728,0.000219,102437,54.64,12.782
97540,2.586,2.738,0.000218,102438,54.64,12.785
97560,2.65,2.749,0.000218,102439,54.64,12.788
97580,2.817,2.699,0.000218,102441,54.64,12.79
97600,2.622,2.721,0.000218,102443,54.64,12.793
97620,2.655,2.695,0.000218,102443,54.64,12.795
97640,2.78,2.733,0.000218,102445,54.64,12.798
97660,2.728,2.721,0.000218,102446,54.64,12.801
97680,2.721,2.76,0.000218,102448,54.64,12.803
97700,2.718,2.77,0.000218,102448,54.64,12.806
97720,2.738,2.729,0.000218,102450,54.64,12.808
97740,2.638,2.746,0.000217,102452,54.64,12.811
97760,2.907,2.744,0.000217,102453,54.64,12.814
97780,2.854,2.735,0.000217,102454,54.64,12.816
97800,2.76,2.714,0.000217,102455,54.64,12.819
97820,2.775,2.778,0.000217,102457,54.64,12.822
97840,2.799,2.675,0.000217,102459,54.64,12.824
97860,2.84,2.704,0.000217,102459,54.64,12.827
97880,2.745,2.729,0.000217,102461,54.64,12.829
97900,2.623,2.751,0.000217,102462,54.64,12.832
97920,2.639,2.748,0.000216,102464,54.64,12.835
97940,2.766,2.698,0.000216,102464,54.64,12.837
97960,2.692,2.756,0.000216,102466,54.64,12.84
97980,2.703,2.689,0.000216,102468,54.64,12.843
98000,2.727,2.709,0.000216,102458,54.64,12.845
98020,2.753,2.749,0.000216,102437,54.64,12.848
98040,2.751,2.74,0.000216,102438,54.64,12.85
98060,2.694,2.716,0.000216,102440,54.64,12.853
98080,2.787,2.737,0.000216,102442,54.64,12.856
98100,2.757,2.681,0.000216,102442,54.64,12.858
98120,2.681,2.711,0.000215,102444,54.64,12.861
98140,2.707,2.761,0.000215,102445,54.64,12.864
98160,2.718,2.76,0.000215,102447,54.64,12.866
98180,2.769,2.748,0.000215,102447,54.64,12.869
98200,2.722,2.698,0.000215,102449,54.64,12.871
98220,2.808,2.663,0.000215,102451,54.64,12.874
98240,2.843,2.758,0.000215,102452,54.64,12.877
98260,2.72,2.709,0.000215,102453,54.64,12.879
98280,2.806,2.751,0.000215,102454,54.64,12.882
98300,2.714,2.752,0.000215,102456,54.64,12.885
98320,2.895,2.692,0.000214,102457,54.64,12.887
98340,2.768,2.756,0.000214,102458,54.64,12.89
98360,2.937,2.726,0.000214,102460,54.64,12.892
98380,2.714,2.729,0.000214,102461,54.64,12.895
98400,2.761,2.719,0.000214,102463,54.64,12.898
98420,2.747,2.744,0.000214,102463,54.64,12.9
98440,2.793,2.791,0.000214,102465,54.64,12.903
98460,2.692,2.709,0.000214,102466,54.64,12.905
98480,2.73,2.768,0.000214,102468,54.64,12.908
98500,2.635,2.753,0.000214,102458,54.64,12.911
98520,2.785,2.73,0.000213,102438,54.64,12.913
98540,2.554,2.769,0.000213,102440,54.64,12.916
98560,2.709,2.738,0.000213,102441,54.64,12.919
98580,2.659,2.707,0.000213,102442,54.64,12.921
98600,2.913,2.718,0.000213,102443,54.64,12.924
98620,2.781,2.735,0.000213,102445,54.64,12.926
98640,2.756,2.727,0.000213,102447,54.64,12.929
98660,2.646,2.745,0.000213,102447,54.64,12.932
98680,2.807,2.728,0.000213,102449,54.64,12.934
98700,2.654,2.741,0.000213,102450,54.64,12.937
98720,2.592,2.699,0.000212,102452,54.64,12.94
98740,2.715,2.757,0.000212,102452,54.64,12.942
98760,2.746,2.728,0.000212,102454,54.64,12.945
98780,2.794,2.743,0.000212,102455,54.64,12.947
98800,2.698,2.726,0.000212,102457,54.64,12.95
98820,2.723,2.748,0.000212,102457,54.64,12.953
98840,2.817,2.732,0.000212,102459,54.64,12.955
98860,2.642,2.754,0.000212,102461,54.64,12.958
98880,2.722,2.733,0.000212,102462,54.64,12.961
98900,2.77,2.714,0.000212,102463,54.64,12.963
98920,2.692,2.723,0.000211,102464,54.64,12.966
98940,2.785,2.759,0.000211,102466,54.64,12.968
98960,2.68,2.723,0.000211,102467,54.64,12.971
98980,2.674,2.753,0.000211,102468,54.64,12.974
99000,2.782,2.725,0.000211,102459,54.64,12.976
99020,2.758,2.702,0.000211,102439,54.64,12.979
99040,2.651,2.731,0.000211,102441,54.64,12.982
99060,2.67,2.711,0.000211,102441,54.64,12.984
99080,2.779,2.712,0.000211,102443,54.64,12.987
99100,2.741,2.707,0.000211,102444,54.64,12.989
99120,2.772,2.698,0.00021,102446,54.64,12.992
99140,2.615,2.751,0.00021,102446,54.64,12.995
99160,2.79,2.748,0.00021,102448,54.64,12.997
99180,2.82,2.718,0.00021,102450,54.64,13.0
99200,2.652,2.74,0.00021,102451,54.64,13.002
99220,2.74,2.737,0.00021,102452,54.64,13.005
99240,2.767,2.75,0.00021,102453,54.64,13.008
99260,2.902,2.691,0.00021,102455,54.64,13.01
99280,2.613,2.794,0.00021,102456,54.64,13.013
99300,2.726,2.694,0.00021,102457,54.64,13.016
99320,2.785,2.719,0.000209,102459,54.64,13.018
99340,2.748,2.759,0.000209,102460,54.64,13.021
99360,2.755,2.718,0.000209,102462,54.64,13.023
99380,2.723,2.748,0.000209,102462,54.64,13.026
99400,2.763,2.706,0.000209,102464,54.64,13.029
99420,2.763,2.722,0.000209,102465,54.64,13.031
99440,2.808,2.708,0.000209,102467,54.64,13.034
99460,2.731,2.768,0.000209,102467,54.64,13.037
99480,2.721,2.696,0.000209,102469,54.64,13.039
99500,2.718,2.762,0.000209,102460,54.64,13.042
99520,2.808,2.736,0.000208,102440,54.64,13.044
99540,2.613,2.724,0.000208,102440,54.64,13.047
99560,2.717,2.717,0.000208,102442,54.64,13.05
99580,2.594,2.713,0.000208,102444,54.64,13.052
99600,2.727,2.724,0.000208,102445,54.64,13.055
99620,2.731,2.763,0.000208,102446,54.64,13.058
99640,2.684,2.723,0.000208,102447,54.64,13.06
99660,2.783,2.725,0.000208,102449,54.64,13.063
99680,2.724,2.693,0.000208,102450,54.64,13.065
99700,2.699,2.757,0.000208,102451,54.64,13.068
99720,2.728,2.774,0.000207,102452,54.64,13.071
99740,2.692,2.745,0.000207,102454,54.64,13.073
99760,2.723,2.749,0.000207,102456,54.64,13.076
99780,2.76,2.729,0.000207,102456,54.64,13.078
99800,2.814,2.717,0.000207,102458,54.64,13.081
99820,2.732,2.702,0.000207,102459,54.64,13.084
99840,2.873,2.719,0.000207,102461,54.64,13.086
99860,2.896,2.73,0.000207,102461,54.64,13.089
99880,2.671,2.742,0.000207,102463,54.64,13.092
99900,2.633,2.719,0.000207,102464,54.64,13.094
99920,2.694,2.707,0.000206,102466,54.64,13.097
99940,2.781,2.742,0.000206,102466,54.64,13.099
99960,2.64,2.694,0.000206,102468,54.64,13.102
99980,2.749,2.675,0.000206,102469,54.64,13.105
100000,2.711,2.724,0.000206,102460,54.64,13.107
100020,2.757,2.676,0.000206,102439,54.64,13.11
100040,2.751,2.723,0.000206,102441,54.64,13.113
100060,2.682,2.727,0.000206,102443,54.64,13.115
100080,2.721,2.742,0.000206,102444,54.64,13.118
100100,2.691,2.742,0.000206,102445,54.64,13.12
100120,2.521,2.694,0.000205,102446,54.64,13.123
100140,2.717,2.71,0.000205,102448,54.64,13.126
100160,2.785,2.771,0.000205,102449,54.64,13.128
100180,2.546,2.701,0.000205,102450,54.64,13.131
100200,2.746,2.67,0.000205,102451,54.64,13.134
100220,2.596,2.705,0.000205,102453,54.64,13.136
100240,2.824,2.756,0.000205,102455,54.64,13.139
100260,2.721,2.764,0.000205,102455,54.64,13.141
100280,2.75,2.729,0.000205,102457,54.64,13.144
100300,2.825,2.729,0.000205,102458,54.64,13.147
100320,2.835,2.729,0.000204,102460,54.64,13.149
100340,2.671,2.716,0.000204,102460,54.64,13.152
100360,2.786,2.664,0.000204,102462,54.64,13.155
100380,2.664,2.708,0.000204,102463,54.64,13.157
100400,2.687,2.739,0.000204,102465,54.64,13.16
100420,2.749,2.743,0.000204,102465,54.64,13.162
100440,2.58,2.756,0.000204,102467,54.64,13.165
100460,2.697,2.761,0.000204,102469,54.64,13.168
100480,2.732,2.733,0.000204,102470,54.64,13.17
100500,2.707,2.712,0.000204,102460,54.64,13.173
100520,2.65,2.724,0.000203,102441,54.64,13.175
100540,2.722,2.766,0.000203,102443,54.64,13.178
100560,2.727,2.738,0.000203,102445,54.64,13.181
100580,2.76,2.757,0.000203,102445,54.64,13.183
100600,2.597,2.692,0.000203,102447,54.64,13.186
100620,2.598,2.717,0.000203,102448,54.64,13.189
100640,2.788,2.683,0.000203,102450,54.64,13.191
100660,2.611,2.689,0.000203,102450,54.64,13.194
100680,2.767,2.675,0.000203,102452,54.64,13.196
100700,2.669,2.713,0.000203,102453,54.64,13.199
100720,2.771,2.692,0.000202,102455,54.64,13.202
100740,2.862,2.74,0.000202,102455,54.64,13.204
100760,2.712,2.71,0.000202,102457,54.64,13.207
100780,2.649,2.712,0.000202,102459,54.64,13.21
100800,2.672,2.733,0.000202,102460,54.64,13.212
100820,2.709,2.698,0.000202,102461,54.64,13.215
100840,2.682,2.687,0.000202,102462,54.64,13.217
100860,2.844,2.741,0.000202,102464,54.64,13.22
100880,2.827,2.781,0.000202,102465,54.64,13.223
100900,2.732,2.755,0.000202,102466,54.64,13.225
100920,2.832,2.686,0.000201,102467,54.64,13.228
100940,2.823,2.714,0.000201,102469,54.64,13.231
100960,2.734,2.74,0.000201,102471,54.64,13.233
100980,2.793,2.739,0.000201,102471,54.64,13.236
101000,2.715,2.724,0.000201,102462,54.64,13.238
101020,2.892,2.683,0.000201,102443,54.64,13.241
101040,2.915,2.662,0.000201,102444,54.64,13.244
101060,2.926,2.775,0.000201,102445,54.64,13.246
101080,2.777,2.758,0.000201,102446,54.64,13.249
101100,2.77,2.742,0.000201,102448,54.64,13.252
101120,2.747,2.733,0.0002,102450,54.64,13.254
101140,2.89,2.713,0.0002,102450,54.64,13.257
101160,2.691,2.739,0.0002,102451,54.64,13.259
101180,2.694,2.688,0.0002,102453,54.64,13.262
101200,2.622,2.71,0.0002,102455,54.64,13.265
101220,2.72,2.758,0.0002,102455,54.64,13.267
101240,2.732,2.77,0.0002,102456,54.64,13.27
101260,2.68,2.717,0.0002,102458,54.64,13.272
101280,2.552,2.691,0.0002,102460,54.64,13.275
101300,2.65,2.711,0.0002,102460,54.64,13.278
101320,2.638,2.783,0.000199,102461,54.64,13.28
101340,2.745,2.724,0.000199,102463,54.64,13.283
101360,2.835,2.703,0.000199,102465,54.64,13.286
101380,2.725,2.712,0.000199,102465,54.64,13.288
101400,2.861,2.707,0.000199,102466,54.64,13.291
101420,2.741,2.735,0.000199,102468,54.64,13.293
101440,2.646,2.693,0.000199,102469,54.64,13.296
101460,2.754,2.716,0.000199,102470,54.64,13.299
101480,2.588,2.741,0.000199,102471,54.64,13.301
101500,2.622,2.736,0.000199,102462,54.64,13.304
101520,2.735,2.734,0.000198,102443,54.64,13.307
101540,2.686,2.727,0.000198,102443,54.64,13.309
101560,2.677,2.732,0.000198,102445,54.64,13.312
101580,2.63,2.748,0.000198,102447,54.64,13.314
101600,2.685,2.757,0.000198,102448,54.64,13.317
101620,2.61,2.7,0.000198,102449,54.64,13.32
101640,2.75,2.748,0.000198,102450,54.64,13.322
101660,2.677,2.725,0.000198,102452,54.64,13.325
101680,2.74,2.711,0.000198,102453,54.64,13.328
101700,2.591,2.723,0.000198,102454,54.64,13.33
101720,2.737,2.751,0.000198,102455,54.64,13.333
101740,2.806,2.694,0.000197,102457,54.64,13.335
101760,2.693,2.725,0.000197,102458,54.64,13.338
101780,2.741,2.719,0.000197,102459,54.64,13.341
101800,2.734,2.773,0.000197,102460,54.64,13.343
101820,2.733,2.705,0.000197,102462,54.64,13.346
101840,2.78,2.704,0.000197,102463,54.64,13.349
101860,2.707,2.755,0.000197,102464,54.64,13.351
101880,2.648,2.764,0.000197,102465,54.64,13.354
101900,2.782,2.768,0.000197,102467,54.64,13.356
101920,2.598,2.68,0.000197,102468,54.64,13.359
101940,2.818,2.68,0.000196,102469,54.64,13.362
101960,2.742,2.717,0.000196,102470,54.64,13.364
101980,2.764,2.729,0.000196,102472,54.64,13.367
102000,2.673,2.731,0.000196,102463,54.64,13.369
102020,2.741,2.717,0.000196,102442,54.64,13.372
102040,2.635,2.761,0.000196,102444,54.64,13.375
102060,2.672,2.719,0.000196,102445,54.64,13.377
102080,2.899,2.663,0.000196,102447,54.64,13.38
102100,2.808,2.694,0.000196,102447,54.64,13.383
102120,2.651,2.728,0.000196,102449,54.64,13.385
102140,2.773,2.73,0.000195,102450,54.64,13.388
102160,2.669,2.744,0.000195,102452,54.64,13.39
102180,2.673,2.742,0.000195,102452,54.64,13.393
102200,2.804,2.684,0.000195,102454,54.64,13.396
102220,2.741,2.763,0.000195,102455,54.64,13.398
102240,2.526,2.728,0.000195,102457,54.64,13.401
102260,2.648,2.687,0.000195,102457,54.64,13.404
102280,2.784,2.717,0.000195,102459,54.64,13.406
102300,2.656,2.724,0.000195,102460,54.64,13.409
102320,2.68,2.751,0.000195,102462,54.64,13.411
102340,2.733,2.676,0.000194,102462,54.64,13.414
102360,2.802,2.709,0.000194,102464,54.64,13.417
102380,2.665,2.771,0.000194,102465,54.64,13.419
102400,2.652,2.751,0.000194,102467,54.64,13.422
102420,2.722,2.762,0.000194,102467,54.64,13.425
102440,2.798,2.793,0.000194,102469,54.64,13.427
102460,2.709,2.725,0.000194,102470,54.64,13.43
102480,2.701,2.708,0.000194,102472,54.64,13.432
102500,2.615,2.782,0.000194,102462,54.64,13.435
102520,2.838,2.719,0.000194,102443,54.64,13.438
102540,2.695,2.707,0.000194,102445,54.64,13.44
102560,2.68,2.682,0.000193,102447,54.64,13.443
102580,2.762,2.753,0.000193,102447,54.64,13.445
102600,2.528,2.764,0.000193,102448,54.64,13.448
102620,2.753,2.735,0.000193,102450,54.64,13.451
102640,2.688,2.751,0.000193,102452,54.64,13.453
102660,2.745,2.727,0.000193,102452,54.64,13.456
102680,2.744,2.698,0.000193,102453,54.64,13.459
102700,2.831,2.708,0.000193,102455,54.64,13.461
102720,2.651,2.72,0.000193,102457,54.64,13.464
102740,2.554,2.723,0.000193,102457,54.64,13.466
102760,2.8,2.689,0.000192,102458,54.64,13.469
102780,2.682,2.707,0.000192,102460,54.64,13.472
102800,2.755,2.699,0.000192,102462,54.64,13.474
102820,2.671,2.632,0.000192,102462,54.64,13.477
102840,2.632,2.744,0.000192,102463,54.64,13.48
102860,2.739,2.71,0.000192,102465,54.64,13.482
102880,2.808,2.667,0.000192,102466,54.64,13.485
102900,2.726,2.708,0.000192,102467,54.64,13.487
102920,2.73,2.697,0.000192,102468,54.64,13.49
102940,2.649,2.728,0.000192,102470,54.64,13.493
102960,2.623,2.746,0.000191,102471,54.64,13.495
102980,2.736,2.721,0.000191,102472,54.64,13.498
103000,2.836,2.774,0.000191,102463,54.64,13.501
103020,2.663,2.714,0.000191,102445,54.64,13.503
103040,2.671,2.697,0.000191,102446,54.64,13.506
103060,2.692,2.717,0.000191,102447,54.64,13.508
103080,2.792,2.69,0.000191,102448,54.64,13.511
103100,2.752,2.773,0.000191,102450,54.64,13.514
103120,2.723,2.719,0.000191,102451,54.64,13.516
103140,2.644,2.716,0.000191,102451,54.64,13.519
103160,2.716,2.672,0.000191,102453,54.64,13.522
103180,2.809,2.699,0.00019,102455,54.64,13.524
103200,2.783,2.729,0.00019,102456,54.64,13.527
103220,2.564,2.686,0.00019,102456,54.64,13.529
103240,2.69,2.765,0.00019,102458,54.64,13.532
103260,2.696,2.742,0.00019,102459,54.64,13.535
103280,2.794,2.727,0.00019,102461,54.64,13.537
103300,2.803,2.692,0.00019,102461,54.64,13.54
103320,2.642,2.74,0.00019,102463,54.64,13.542
103340,2.652,2.758,0.00019,102464,54.64,13.545
103360,2.685,2.701,0.00019,102466,54.64,13.548
103380,2.713,2.7,0.000189,102466,54.64,13.55
103400,2.811,2.64,0.000189,102468,54.64,13.553
103420,2.675,2.751,0.000189,102469,54.64,13.556
103440,2.765,2.688,0.000189,102471,54.64,13.558
103460,2.806,2.669,0.000189,102471,54.64,13.561
103480,2.743,2.688,0.000189,102473,54.64,13.563
103500,2.669,2.738,0.000189,102464,54.64,13.566
103520,2.711,2.801,0.000189,102446,54.64,13.569
103540,2.661,2.716,0.000189,102447,54.64,13.571
103560,2.659,2.704,0.000189,102448,54.64,13.574
103580,2.719,2.694,0.000189,102450,54.64,13.577
103600,2.714,2.759,0.000188,102451,54.64,13.579
103620,2.572,2.719,0.000188,102452,54.64,13.582
103640,2.609,2.72,0.000188,102453,54.64,13.584
103660,2.732,2.759,0.000188,102455,54.64,13.587
103680,2.679,2.737,0.000188,102456,54.64,13.59
103700,2.654,2.73,0.000188,102457,54.64,13.592
103720,2.793,2.766,0.000188,102458,54.64,13.595
103740,2.637,2.702,0.000188,102460,54.64,13.598
103760,2.632,2.713,0.000188,102461,54.64,13.6
103780,2.778,2.708,0.000188,102461,54.64,13.603
103800,2.706,2.723,0.000187,102463,54.64,13.605
103820,2.659,2.718,0.000187,102465,54.64,13.608
103840,2.718,2.738,0.000187,102466,54.64,13.611
103860,2.682,2.713,0.000187,102466,54.64,13.613
103880,2.679,2.731,0.000187,102468,54.64,13.616
103900,2.801,2.732,0.000187,102469,54.64,13.619
103920,2.79,2.681,0.000187,102471,54.64,13.621
103940,2.805,2.68,0.000187,102471,54.64,13.624
103960,2.734,2.695,0.000187,102473,54.64,13.626
103980,2.62,2.716,0.000187,102474,54.64,13.629
104000,2.827,2.704,0.000187,102466,54.64,13.632
104020,2.586,2.694,0.000186,102447,54.64,13.634
104040,2.784,2.735,0.000186,102448,54.64,13.637
104060,2.677,2.727,0.000186,102450,54.64,13.639
104080,2.644,2.685,0.000186,102451,54.64,13.642
104100,2.644,2.7,0.000186,102452,54.64,13.645
104120,2.712,2.713,0.000186,102453,54.64,13.647
104140,2.758,2.686,0.000186,102455,54.64,13.65
104160,2.664,2.631,0.000186,102456,54.64,13.653
104180,2.771,2.718,0.000186,102457,54.64,13.655
104200,2.757,2.644,0.000186,102458,54.64,13.658
104220,2.761,2.69,0.000185,102460,54.64,13.66
104240,2.764,2.708,0.000185,102461,54.64,13.663
104260,2.615,2.708,0.000185,102461,54.64,13.666
104280,2.695,2.704,0.000185,102463,54.64,13.668
104300,2.771,2.667,0.000185,102465,54.64,13.671
104320,2.671,2.706,0.000185,102466,54.64,13.674
104340,2.598,2.745,0.000185,102466,54.64,13.676
104360,2.722,2.749,0.000185,102468,54.64,13.679
104380,2.725,2.685,0.000185,102469,54.64,13.681
104400,2.684,2.713,0.000185,102471,54.64,13.684
104420,2.69,2.74,0.000185,102471,54.64,13.687
104440,2.6,2.702,0.000184,102473,54.64,13.689
104460,2.74,2.749,0.000184,102474,54.64,13.692
104480,2.766,2.713,0.000184,102476,54.64,13.695
104500,2.685,2.667,0.000184,102466,54.64,13.697
104520,2.66,2.748,0.000184,102448,54.64,13.7
104540,2.656,2.714,0.000184,102450,54.64,13.702
104560,2.667,2.693,0.000184,102451,54.64,13.705
104580,2.803,2.702,0.000184,102451,54.64,13.708
104600,2.727,2.679,0.000184,102453,54.64,13.71
104620,2.717,2.773,0.000184,102455,54.64,13.713
104640,2.839,2.755,0.000183,102456,54.64,13.716
104660,2.648,2.686,0.000183,102456,54.64,13.718
104680,2.839,2.712,0.000183,102458,54.64,13.721
104700,2.674,2.666,0.000183,102459,54.64,13.723
104720,2.765,2.727,0.000183,102461,54.64,13.726
104740,2.6,2.723,0.000183,102461,54.64,13.729
104760,2.679,2.685,0.000183,102463,54.64,13.731
104780,2.574,2.675,0.000183,102464,54.64,13.734
104800,2.689,2.692,0.000183,102466,54.64,13.736
104820,2.768,2.812,0.000183,102466,54.64,13.739
104840,2.78,2.761,0.000183,102467,54.64,13.742
104860,2.799,2.703,0.000182,102469,54.64,13.744
104880,2.77,2.671,0.000182,102470,54.64,13.747
104900,2.741,2.703,0.000182,102471,54.64,13.75
104920,2.703,2.737,0.000182,102472,54.64,13.752
104940,2.699,2.677,0.000182,102474,54.64,13.755
104960,2.803,2.724,0.000182,102475,54.64,13.757
104980,2.697,2.759,0.000182,102476,54.64,13.76
105000,2.636,2.7,0.000182,102468,54.64,13.763
105020,2.671,2.712,0.000182,102449,54.64,13.765
105040,2.76,2.648,0.000182,102451,54.64,13.768
105060,2.499,2.73,0.000181,102451,54.64,13.771
105080,2.749,2.717,0.000181,102453,54.64,13.773
105100,2.623,2.734,0.000181,102454,54.64,13.776
105120,2.782,2.685,0.000181,102456,54.64,13.778
105140,2.567,2.703,0.000181,102456,54.64,13.781
105160,2.689,2.706,0.000181,102458,54.64,13.784
105180,2.693,2.691,0.000181,102459,54.64,13.786
105200,2.703,2.739,0.000181,102461,54.64,13.789
105220,2.646,2.686,0.000181,102461,54.64,13.792
105240,2.792,2.706,0.000181,102462,54.64,13.794
105260,2.835,2.694,0.000181,102464,54.64,13.797
105280,2.675,2.724,0.00018,102465,54.64,13.799
105300,2.832,2.717,0.00018,102466,54.64,13.802
105320,2.648,2.711,0.00018,102467,54.64,13.805
105340,2.699,2.693,0.00018,102469,54.64,13.807
105360,2.771,2.682,0.00018,102470,54.64,13.81
105380,2.798,2.689,0.00018,102471,54.64,13.812
105400,2.946,2.655,0.00018,102472,54.64,13.815
105420,2.732,2.694,0.00018,102474,54.64,13.818
105440,2.622,2.689,0.00018,102475,54.64,13.82
105460,2.754,2.699,0.00018,102475,54.64,13.823
105480,2.815,2.689,0.00018,102477,54.64,13.826
105500,2.774,2.69,0.000179,102469,54.64,13.828
105520,2.756,2.715,0.000179,102451,54.64,13.831
105540,2.696,2.727,0.000179,102451,54.64,13.833
105560,2.738,2.759,0.000179,102453,54.64,13.836
105580,2.69,2.666,0.000179,102454,54.64,13.839
105600,2.671,2.717,0.000179,102456,54.64,13.841
105620,2.776,2.71,0.000179,102456,54.64,13.844
105640,2.76,2.745,0.000179,102457,54.64,13.847
105660,2.702,2.703,0.000179,102459,54.64,13.849
105680,2.741,2.738,0.000179,102460,54.64,13.852
105700,2.702,2.706,0.000179,102461,54.64,13.854
105720,2.583,2.719,0.000178,102462,54.64,13.857
105740,2.78,2.729,0.000178,102464,54.64,13.86
105760,2.813,2.707,0.000178,102465,54.64,13.862
105780,2.693,2.771,0.000178,102466,54.64,13.865
105800,2.697,2.685,0.000178,102467,54.64,13.868
105820,2.775,2.722,0.000178,102469,54.64,13.87
105840,2.676,2.717,0.000178,102470,54.64,13.873
105860,2.694,2.719,0.000178,102470,54.64,13.875
105880,2.713,2.652,0.000178,102472,54.64,13.878
105900,2.68,2.681,0.000178,102473,54.64,13.881
105920,2.634,2.668,0.000177,102475,54.64,13.883
105940,2.777,2.722,0.000177,102475,54.64,13.886
105960,2.575,2.673,0.000177,102477,54.64,13.889
105980,2.854,2.72,0.000177,102478,54.64,13.891
106000,2.685,2.665,0.000177,102470,54.64,13.894
106020,2.815,2.734,0.000177,102451,54.64,13.896
106040,2.78,2.719,0.000177,102452,54.64,13.899
106060,2.567,2.696,0.000177,102454,54.64,13.902
106080,2.566,2.676,0.000177,102455,54.64,13.904
106100,2.707,2.707,0.000177,102456,54.64,13.907
106120,2.541,2.68,0.000177,102457,54.64,13.909
106140,2.757,2.683,0.000176,102459,54.64,13.912
106160,2.809,2.754,0.000176,102460,54.64,13.915
106180,2.67,2.709,0.000176,102460,54.64,13.917
106200,2.634,2.707,0.000176,102462,54.64,13.92
106220,2.579,2.734,0.000176,102463,54.64,13.923
106240,2.682,2.7,0.000176,102465,54.64,13.925
106260,2.681,2.715,0.000176,102465,54.64,13.928
106280,2.863,2.709,0.000176,102467,54.64,13.93
106300,2.646,2.642,0.000176,102468,54.64,13.933
106320,2.658,2.682,0.000176,102470,54.64,13.936
106340,2.639,2.685,0.000176,102470,54.64,13.938
106360,2.68,2.702,0.000175,102471,54.64,13.941
106380,2.647,2.703,0.000175,102473,54.64,13.944
106400,2.64,2.705,0.000175,102474,54.64,13.946
106420,2.504,2.73,0.000175,102475,54.64,13.949
106440,2.627,2.648,0.000175,102476,54.64,13.951
106460,2.696,2.71,0.000175,102478,54.64,13.954
106480,2.67,2.713,0.000175,102479,54.64,13.957
106500,2.713,2.701,0.000175,102470,54.64,13.959
106520,2.751,2.694,0.000175,102451,54.64,13.962
106540,2.657,2.68,0.000175,102453,54.64,13.965
106560,2.871,2.746,0.000175,102454,54.64,13.967
106580,2.667,2.726,0.000174,102454,54.64,13.97
106600,2.648,2.697,0.000174,102456,54.64,13.972
106620,2.737,2.738,0.000174,102457,54.64,13.975
106640,2.789,2.693,0.000174,102459,54.64,13.978
106660,2.623,2.711,0.000174,102459,54.64,13.98
106680,2.718,2.706,0.000174,102461,54.64,13.983
106700,2.742,2.686,0.000174,102462,54.64,13.986
106720,2.66,2.648,0.000174,102464,54.64,13.988
106740,2.456,2.681,0.000174,102464,54.64,13.991
106760,2.685,2.701,0.000174,102466,54.64,13.993
106780,2.809,2.719,0.000174,102467,54.64,13.996
106800,2.689,2.677,0.000173,102469,54.64,13.999
106820,2.68,2.764,0.000173,102469,54.64,14.001
106840,2.722,2.723,0.000173,102470,54.64,14.004
106860,2.665,2.731,0.000173,102472,54.64,14.006
106880,2.706,2.698,0.000173,102473,54.64,14.009
106900,2.672,2.686,0.000173,102474,54.64,14.012
106920,2.695,2.674,0.000173,102475,54.64,14.014
106940,2.645,2.694,0.000173,102477,54.64,14.017
106960,2.503,2.715,0.000173,102478,54.64,14.02
106980,2.623,2.686,0.000173,102479,54.64,14.022
107000,2.654,2.728,0.000173,102470,54.64,14.025
107020,2.727,2.7,0.000172,102452,54.64,14.027
107040,2.745,2.69,0.000172,102454,54.64,14.03
107060,2.547,2.707,0.000172,102454,54.64,14.033
107080,2.572,2.696,0.000172,102456,54.64,14.035
107100,2.681,2.743,0.000172,102457,54.64,14.038
107120,2.783,2.753,0.000172,102459,54.64,14.041
107140,2.751,2.737,0.000172,102459,54.64,14.043
107160,2.622,2.722,0.000172,102461,54.64,14.046
107180,2.68,2.7,0.000172,102462,54.64,14.048
107200,2.597,2.716,0.000172,102464,54.64,14.051
107220,2.69,2.696,0.000172,102464,54.64,14.054
107240,2.666,2.711,0.000171,102466,54.64,14.056
107260,2.853,2.722,0.000171,102467,54.64,14.059
107280,2.74,2.676,0.000171,102469,54.64,14.062
107300,2.731,2.708,0.000171,102469,54.64,14.064
107320,2.727,2.712,0.000171,102470,54.64,14.067
107340,2.797,2.676,0.000171,102472,54.64,14.069
107360,2.808,2.721,0.000171,102473,54.64,14.072
107380,2.79,2.7,0.000171,102474,54.64,14.075
107400,2.536,2.702,0.000171,102475,54.64,14.077
107420,2.828,2.681,0.000171,102477,54.64,14.08
107440,2.619,2.729,0.000171,102478,54.64,14.083
107460,2.633,2.754,0.00017,102478,54.64,14.085
107480,2.714,2.694,0.00017,102480,54.64,14.088
107500,2.652,2.751,0.00017,102472,54.64,14.09
107520,2.614,2.692,0.00017,102454,54.64,14.093
107540,2.686,2.642,0.00017,102454,54.64,14.096
107560,2.602,2.761,0.00017,102456,54.64,14.098
107580,2.827,2.708,0.00017,102457,54.64,14.101
107600,2.68,2.715,0.00017,102459,54.64,14.103
107620,2.711,2.703,0.00017,102459,54.64,14.106
107640,2.707,2.677,0.00017,102460,54.64,14.109
107660,2.663,2.734,0.00017,102462,54.64,14.111
107680,2.633,2.708,0.000169,102463,54.64,14.114
107700,2.731,2.706,0.000169,102464,54.64,14.117
107720,2.664,2.693,0.000169,102465,54.64,14.119
107740,2.775,2.683,0.000169,102467,54.64,14.122
107760,2.592,2.688,0.000169,102468,54.64,14.124
107780,2.879,2.716,0.000169,102469,54.64,14.127
107800,2.573,2.727,0.000169,102470,54.64,14.13
107820,2.659,2.677,0.000169,102472,54.64,14.132
107840,2.694,2.699,0.000169,102473,54.64,14.135
107860,2.721,2.684,0.000169,102474,54.64,14.138
107880,2.561,2.697,0.000169,102475,54.64,14.14
107900,2.662,2.704,0.000168,102476,54.64,14.143
107920,2.785,2.673,0.000168,102478,54.64,14.145
107940,2.649,2.683,0.000168,102478,54.64,14.148
107960,2.931,2.703,0.000168,102480,54.64,14.151
107980,2.557,2.715,0.000168,102481,54.64,14.153
108000,2.596,2.717,0.000168,102473,54.64,14.156
108020,2.677,2.737,0.000168,102454,54.64,14.159
108040,2.876,2.712,0.000168,102456,54.64,14.161
108060,2.667,2.742,0.000168,102457,54.64,14.164
108080,2.705,2.714,0.000168,102459,54.64,14.166
108100,2.78,2.7,0.000168,102459,54.64,14.169
108120,2.796,2.693,0.000167,102461,54.64,14.172
108140,2.812,2.702,0.000167,102462,54.64,14.174
108160,2.753,2.659,0.000167,102463,54.64,14.177
108180,2.718,2.673,0.000167,102464,54.64,14.18
108200,2.674,2.725,0.000167,102465,54.64,14.182
108220,2.568,2.704,0.000167,102467,54.64,14.185
108240,2.591,2.725,0.000167,102468,54.64,14.187
108260,2.778,2.693,0.000167,102469,54.64,14.19
108280,2.661,2.706,0.000167,102470,54.64,14.193
108300,2.669,2.647,0.000167,102472,54.64,14.195
108320,2.85,2.668,0.000167,102473,54.64,14.198
108340,2.505,2.657,0.000166,102473,54.64,14.2
108360,2.651,2.707,0.000166,102475,54.64,14.203
108380,2.809,2.698,0.000166,102476,54.64,14.206
108400,2.637,2.734,0.000166,102478,54.64,14.208
108420,2.685,2.701,0.000166,102478,54.64,14.211
108440,2.754,2.687,0.000166,102480,54.64,14.214
108460,2.663,2.629,0.000166,102481,54.64,14.216
108480,2.792,2.706,0.000166,102483,54.64,14.219
108500,2.707,2.705,0.000166,102474,54.64,14.221
108520,2.693,2.668,0.000166,102456,54.64,14.224
108540,2.684,2.686,0.000166,102458,54.64,14.227
108560,2.618,2.687,0.000165,102459,54.64,14.229
108580,2.712,2.717,0.000165,102460,54.64,14.232
108600,2.641,2.671,0.000165,102461,54.64,14.235
108620,2.655,2.72,0.000165,102463,54.64,14.237
108640,2.599,2.689,0.000165,102464,54.64,14.24
108660,2.628,2.689,0.000165,102464,54.64,14.242
108680,2.733,2.682,0.000165,102466,54.64,14.245
108700,2.775,2.704,0.000165,102467,54.64,14.248
108720,2.798,2.695,0.000165,102469,54.64,14.25
108740,2.829,2.678,0.000165,102469,54.64,14.253
108760,2.708,2.646,0.000165,102471,54.64,14.256
108780,2.691,2.705,0.000165,102472,54.64,14.258
108800,2.692,2.729,0.000164,102474,54.64,14.261
108820,2.744,2.718,0.000164,102474,54.64,14.263
108840,2.699,2.719,0.000164,102476,54.64,14.266
108860,2.823,2.693,0.000164,102477,54.64,14.269
108880,2.707,2.705,0.000164,102478,54.64,14.271
108900,2.638,2.66,0.000164,102479,54.64,14.274
108920,2.695,2.691,0.000164,102480,54.64,14.276
108940,2.72,2.693,0.000164,102482,54.64,14.279
108960,2.754,2.698,0.000164,102483,54.64,14.282
108980,2.667,2.694,0.000164,102484,54.64,14.284
109000,2.663,2.702,0.000164,102476,54.64,14.287
109020,2.747,2.718,0.000163,102459,54.64,14.29
109040,2.723,2.722,0.000163,102460,54.64,14.292
109060,2.664,2.691,0.000163,102460,54.64,14.295
109080,2.624,2.696,0.000163,102462,54.64,14.297
109100,2.636,2.76,0.000163,102463,54.64,14.3
109120,2.717,2.697,0.000163,102465,54.64,14.303
109140,2.696,2.716,0.000163,102465,54.64,14.305
109160,2.71,2.776,0.000163,102467,54.64,14.308
109180,2.674,2.691,0.000163,102468,54.64,14.311
109200,2.685,2.728,0.000163,102470,54.64,14.313
109220,2.603,2.703,0.000163,102470,54.64,14.316
109240,2.643,2.69,0.000162,102471,54.64,14.318
109260,2.703,2.708,0.000162,102473,54.64,14.321
109280,2.566,2.704,0.000162,102474,54.64,14.324
109300,2.681,2.704,0.000162,102475,54.64,14.326
109320,2.644,2.707,0.000162,102476,54.64,14.329
109340,2.74,2.69,0.000162,102478,54.64,14.332
109360,2.801,2.705,0.000162,102479,54.64,14.334
109380,2.889,2.69,0.000162,102480,54.64,14.337
109400,2.835,2.741,0.000162,102481,54.64,14.339
109420,2.639,2.731,0.000162,102482,54.64,14.342
109440,2.513,2.691,0.000162,102484,54.64,14.345
109460,2.557,2.695,0.000162,102484,54.64,14.347
109480,2.577,2.678,0.000161,102486,54.64,14.35
109500,2.675,2.691,0.000161,102478,54.64,14.353
109520,2.669,2.701,0.000161,102460,54.64,14.355
109540,2.575,2.696,0.000161,102460,54.64,14.358
109560,2.73,2.728,0.000161,102462,54.64,14.36
109580,2.64,2.729,0.000161,102463,54.64,14.363
109600,2.741,2.719,0.000161,102465,54.64,14.366
109620,2.683,2.678,0.000161,102465,54.64,14.368
109640,2.668,2.738,0.000161,102467,54.64,14.371
109660,2.73,2.693,0.000161,102468,54.64,14.373
109680,2.574,2.717,0.000161,102470,54.64,14.376
109700,2.719,2.709,0.00016,102470,54.64,14.379
109720,2.725,2.67,0.00016,102472,54.64,14.381
109740,2.617,2.774,0.00016,102473,54.64,14.384
109760,2.751,2.704,0.00016,102474,54.64,14.387
109780,2.631,2.651,0.00016,102475,54.64,14.389
109800,2.729,2.667,0.00016,102476,54.64,14.392
109820,2.615,2.706,0.00016,102478,54.64,14.394
109840,2.684,2.754,0.00016,102479,54.64,14.397
109860,2.683,2.71,0.00016,102479,54.64,14.4
109880,2.678,2.717,0.00016,102481,54.64,14.402
109900,2.796,2.75,0.00016,102482,54.64,14.405
109920,2.698,2.685,0.00016,102484,54.64,14.408
109940,2.601,2.708,0.000159,102484,54.64,14.41
109960,2.72,2.748,0.000159,102486,54.64,14.413
109980,2.829,2.656,0.000159,102487,54.64,14.415
110000,2.565,2.691,0.000159,102479,54.64,14.418
110020,2.687,2.703,0.000159,102461,54.64,14.421
110040,2.68,2.696,0.000159,102462,54.64,14.423
110060,2.68,2.717,0.000159,102464,54.64,14.426
110080,2.555,2.696,0.000159,102465,54.64,14.429
110100,2.831,2.723,0.000159,102466,54.64,14.431
110120,2.743,2.685,0.000159,102467,54.64,14.434
110140,2.694,2.688,0.000159,102469,54.64,14.436
110160,2.626,2.704,0.000158,102470,54.64,14.439
110180,2.801,2.69,0.000158,102470,54.64,14.442
110200,2.758,2.662,0.000158,102472,54.64,14.444
110220,2.912,2.626,0.000158,102473,54.64,14.447
110240,2.655,2.708,0.000158,102475,54.64,14.45
110260,2.755,2.701,0.000158,102475,54.64,14.452
110280,2.716,2.685,0.000158,102477,54.64,14.455
110300,2.694,2.69,0.000158,102478,54.64,14.457
110320,2.755,2.691,0.000158,102480,54.64,14.46
110340,2.621,2.679,0.000158,102480,54.64,14.463
110360,2.555,2.674,0.000158,102481,54.64,14.465
110380,2.578,2.681,0.000158,102483,54.64,14.468
110400,2.788,2.658,0.000157,102484,54.64,14.47
110420,2.749,2.676,0.000157,102485,54.64,14.473
110440,2.748,2.675,0.000157,102486,54.64,14.476
110460,2.707,2.676,0.000157,102487,54.64,14.478
110480,2.659,2.712,0.000157,102489,54.64,14.481
110500,2.676,2.693,0.000157,102480,54.64,14.484
110520,2.721,2.688,0.000157,102462,54.64,14.486
110540,2.588,2.721,0.000157,102464,54.64,14.489
110560,2.575,2.693,0.000157,102465,54.64,14.491
110580,2.694,2.702,0.000157,102466,54.64,14.494
110600,2.686,2.71,0.000157,102467,54.64,14.497
110620,2.735,2.674,0.000156,102469,54.64,14.499
110640,2.674,2.676,0.000156,102470,54.64,14.502
110660,2.563,2.641,0.000156,102470,54.64,14.505
110680,2.687,2.705,0.000156,102472,54.64,14.507
110700,2.727,2.713,0.000156,102473,54.64,14.51
110720,2.651,2.738,0.000156,102475,54.64,14.512
110740,2.641,2.695,0.000156,102475,54.64,14.515
110760,2.72,2.669,0.000156,102476,54.64,14.518
110780,2.709,2.761,0.000156,102478,54.64,14.52
110800,2.808,2.746,0.000156,102479,54.64,14.523
110820,2.707,2.64,0.000156,102480,54.64,14.526
110840,2.69,2.683,0.000156,102481,54.64,14.528
110860,2.767,2.661,0.000155,102483,54.64,14.531
110880,2.644,2.701,0.000155,102484,54.64,14.533
110900,2.684,2.708,0.000155,102484,54.64,14.536
110920,2.759,2.702,0.000155,102486,54.64,14.539
110940,2.853,2.727,0.000155,102487,54.64,14.541
110960,2.572,2.715,0.000155,102489,54.64,14.544
110980,2.733,2.697,0.000155,102489,54.64,14.547
111000,2.789,2.641,0.000155,102481,54.64,14.549
111020,2.785,2.681,0.000155,102464,54.64,14.552
111040,2.734,2.707,0.000155,102465,54.64,14.554
111060,2.639,2.716,0.000155,102465,54.64,14.557
111080,2.757,2.69,0.000155,102467,54.64,14.56
111100,2.807,2.734,0.000154,102468,54.64,14.562
111120,2.56,2.693,0.000154,102470,54.64,14.565
111140,2.546,2.746,0.000154,102470,54.64,14.567
111160,2.573,2.716,0.000154,102472,54.64,14.57
111180,2.718,2.704,0.000154,102473,54.64,14.573
111200,2.581,2.707,0.000154,102475,54.64,14.575
111220,2.737,2.71,0.000154,102475,54.64,14.578
111240,2.761,2.677,0.000154,102476,54.64,14.581
111260,2.757,2.717,0.000154,102478,54.64,14.583
111280,2.651,2.678,0.000154,102479,54.64,14.586
111300,2.784,2.69,0.000154,102480,54.64,14.588
111320,2.669,2.694,0.000153,102481,54.64,14.591
111340,2.577,2.68,0.000153,102482,54.64,14.594
111360,2.774,2.687,0.000153,102484,54.64,14.596
111380,2.724,2.696,0.000153,102484,54.64,14.599
111400,2.656,2.695,0.000153,102486,54.64,14.602
111420,2.588,2.668,0.000153,102487,54.64,14.604
111440,2.642,2.662,0.000153,102489,54.64,14.607
111460,2.548,2.668,0.000153,102489,54.64,14.609
111480,2.696,2.692,0.000153,102490,54.64,14.612
111500,2.821,2.681,0.000153,102482,54.64,14.615
111520,2.543,2.723,0.000153,102466,54.64,14.617
111540,2.639,2.689,0.000153,102466,54.64,14.62
111560,2.739,2.707,0.000152,102467,54.64,14.623
111580,2.751,2.717,0.000152,102469,54.64,14.625
111600,2.793,2.659,0.000152,102470,54.64,14.628
111620,2.655,2.619,0.000152,102471,54.64,14.63
111640,2.711,2.704,0.000152,102472,54.64,14.633
111660,2.742,2.729,0.000152,102473,54.64,14.636
111680,2.633,2.675,0.000152,102475,54.64,14.638
111700,2.656,2.69,0.000152,102475,54.64,14.641
111720,2.67,2.728,0.000152,102477,54.64,14.643
111740,2.682,2.681,0.000152,102478,54.64,14.646
111760,2.622,2.705,0.000152,102480,54.64,14.649
111780,2.691,2.668,0.000152,102480,54.64,14.651
111800,2.667,2.701,0.000151,102481,54.64,14.654
111820,2.741,2.693,0.000151,102483,54.64,14.657
111840,2.542,2.673,0.000151,102484,54.64,14.659
111860,2.69,2.719,0.000151,102485,54.64,14.662
111880,2.646,2.697,0.000151,102486,54.64,14.664
111900,2.671,2.674,0.000151,102487,54.64,14.667
111920,2.773,2.716,0.000151,102489,54.64,14.67
111940,2.649,2.703,0.000151,102489,54.64,14.672
111960,2.734,2.72,0.000151,102491,54.64,14.675
111980,2.704,2.671,0.000151,102492,54.64,14.678
112000,2.638,2.688,0.000151,102484,54.64,14.68
112020,2.602,2.636,0.000151,102466,54.64,14.683
112040,2.638,2.689,0.00015,102467,54.64,14.685
112060,2.717,2.691,0.00015,102468,54.64,14.688
112080,2.673,2.668,0.00015,102470,54.64,14.691
112100,2.684,2.691,0.00015,102470,54.64,14.693
112120,2.695,2.675,0.00015,102472,54.64,14.696
112140,2.632,2.663,0.00015,102473,54.64,14.699
112160,2.671,2.677,0.00015,102475,54.64,14.701
112180,2.753,2.682,0.00015,102475,54.64,14.704
112200,2.695,2.692,0.00015,102476,54.64,14.706
112220,2.754,2.693,0.00015,102478,54.64,14.709
112240,2.661,2.691,0.00015,102479,54.64,14.712
112260,2.739,2.695,0.00015,102480,54.64,14.714
112280,2.692,2.701,0.000149,102481,54.64,14.717
112300,2.629,2.673,0.000149,102482,54.64,14.72
112320,2.615,2.7,0.000149,102484,54.64,14.722
112340,2.789,2.665,0.000149,102484,54.64,14.725
112360,2.666,2.68,0.000149,102486,54.64,14.727
112380,2.648,2.714,0.000149,102487,54.64,14.73
112400,2.811,2.731,0.000149,102488,54.64,14.733
112420,2.748,2.701,0.000149,102489,54.64,14.735
112440,2.723,2.713,0.000149,102490,54.64,14.738
112460,2.631,2.66,0.000149,102492,54.64,14.74
112480,2.657,2.677,0.000149,102493,54.64,14.743
112500,2.764,2.726,0.000149,102484,54.64,14.746
112520,2.608,2.746,0.000148,102467,54.64,14.748
112540,2.507,2.701,0.000148,102468,54.64,14.751
112560,2.667,2.673,0.000148,102470,54.64,14.754
112580,2.76,2.662,0.000148,102470,54.64,14.756
112600,2.735,2.709,0.000148,102472,54.64,14.759
112620,2.682,2.733,0.000148,102473,54.64,14.761
112640,2.671,2.728,0.000148,102474,54.64,14.764
112660,2.701,2.707,0.000148,102475,54.64,14.767
112680,2.694,2.647,0.000148,102476,54.64,14.769
112700,2.835,2.689,0.000148,102478,54.64,14.772
112720,2.667,2.655,0.000148,102479,54.64,14.775
112740,2.659,2.71,0.000148,102479,54.64,14.777
112760,2.72,2.716,0.000147,102481,54.64,14.78
112780,2.67,2.703,0.000147,102482,54.64,14.782
112800,2.863,2.703,0.000147,102484,54.64,14.785
112820,2.757,2.691,0.000147,102484,54.64,14.788
112840,2.828,2.687,0.000147,102486,54.64,14.79
112860,2.663,2.714,0.000147,102487,54.64,14.793
112880,2.648,2.737,0.000147,102488,54.64,14.796
112900,2.825,2.659,0.000147,102489,54.64,14.798
112920,2.617,2.736,0.000147,102490,54.64,14.801
112940,2.565,2.638,0.000147,102492,54.64,14.803
112960,2.698,2.669,0.000147,102493,54.64,14.806
112980,2.655,2.701,0.000147,102493,54.64,14.809
113000,2.765,2.709,0.000146,102485,54.64,14.811
113020,2.701,2.706,0.000146,102467,54.64,14.814
113040,2.711,2.718,0.000146,102469,54.64,14.817
113060,2.718,2.699,0.000146,102469,54.64,14.819
113080,2.738,2.712,0.000146,102471,54.64,14.822
113100,2.596,2.693,0.000146,102472,54.64,14.824
113120,2.627,2.707,0.000146,102473,54.64,14.827
113140,2.669,2.687,0.000146,102474,54.64,14.83
113160,2.62,2.696,0.000146,102475,54.64,14.832
113180,2.745,2.674,0.000146,102477,54.64,14.835
113200,2.577,2.676,0.000146,102478,54.64,14.837
113220,2.587,2.712,0.000146,102479,54.64,14.84
113240,2.645,2.674,0.000145,102480,54.64,14.843
113260,2.669,2.699,0.000145,102481,54.64,14.845
113280,2.648,2.72,0.000145,102483,54.64,14.848
113300,2.795,2.689,0.000145,102483,54.64,14.851
113320,2.795,2.677,0.000145,102484,54.64,14.853
113340,2.631,2.721,0.000145,102486,54.64,14.856
113360,2.611,2.663,0.000145,102487,54.64,14.858
113380,2.777,2.685,0.000145,102488,54.64,14.861
113400,2.576,2.691,0.000145,102489,54.64,14.864
113420,2.641,2.637,0.000145,102490,54.64,14.866
113440,2.642,2.676,0.000145,102492,54.64,14.869
113460,2.647,2.694,0.000145,102492,54.64,14.872
113480,2.677,2.625,0.000144,102494,54.64,14.874
113500,2.76,2.682,0.000144,102486,54.64,14.877
113520,2.684,2.667,0.000144,102469,54.64,14.879
113540,2.491,2.695,0.000144,102469,54.64,14.882
113560,2.569,2.704,0.000144,102471,54.64,14.885
113580,2.652,2.694,0.000144,102472,54.64,14.887
113600,2.597,2.686,0.000144,102474,54.64,14.89
113620,2.571,2.688,0.000144,102474,54.64,14.893
113640,2.614,2.69,0.000144,102475,54.64,14.895
113660,2.664,2.678,0.000144,102477,54.64,14.898
113680,2.729,2.702,0.000144,102478,54.64,14.9
113700,2.835,2.712,0.000144,102478,54.64,14.903
113720,2.664,2.723,0.000144,102480,54.64,14.906
113740,2.657,2.692,0.000143,102481,54.64,14.908
113760,2.71,2.73,0.000143,102483,54.64,14.911
113780,2.76,2.671,0.000143,102483,54.64,14.914
113800,2.809,2.679,0.000143,102484,54.64,14.916
113820,2.683,2.657,0.000143,102486,54.64,14.919
113840,2.726,2.676,0.000143,102487,54.64,14.921
113860,2.826,2.704,0.000143,102488,54.64,14.924
113880,2.507,2.66,0.000143,102489,54.64,14.927
113900,2.643,2.706,0.000143,102490,54.64,14.929
113920,2.629,2.671,0.000143,102492,54.64,14.932
113940,2.652,2.709,0.000143,102492,54.64,14.934
113960,2.701,2.666,0.000143,102494,54.64,14.937
113980,2.692,2.667,0.000142,102495,54.64,14.94
114000,2.7,2.648,0.000142,102487,54.64,14.942
114020,2.62,2.63,0.000142,102469,54.64,14.945
114040,2.667,2.638,0.000142,102471,54.64,14.948
114060,2.487,2.71,0.000142,102472,54.64,14.95
114080,2.765,2.672,0.000142,102474,54.64,14.953
114100,2.631,2.715,0.000142,102474,54.64,14.955
114120,2.662,2.7,0.000142,102475,54.64,14.958
114140,2.736,2.666,0.000142,102477,54.64,14.961
114160,2.595,2.648,0.000142,102478,54.64,14.963
114180,2.705,2.653,0.000142,102478,54.64,14.966
114200,2.7,2.717,0.000142,102480,54.64,14.969
114220,2.672,2.619,0.000141,102481,54.64,14.971
114240,2.754,2.722,0.000141,102483,54.64,14.974
114260,2.633,2.639,0.000141,102483,54.64,14.976
114280,2.762,2.72,0.000141,102484,54.64,14.979
114300,2.661,2.672,0.000141,102486,54.64,14.982
114320,2.797,2.671,0.000141,102487,54.64,14.984
114340,2.755,2.652,0.000141,102488,54.64,14.987
114360,2.665,2.661,0.000141,102489,54.64,14.99
114380,2.832,2.686,0.000141,102490,54.64,14.992
114400,2.709,2.673,0.000141,102492,54.64,14.995
114420,2.616,2.706,0.000141,102492,54.64,14.997
114440,2.757,2.716,0.000141,102493,54.64,15.0
114460,2.728,2.7,0.000141,102495,54.64,15.003
114480,2.664,2.71,0.00014,102496,54.64,15.005
114500,2.701,2.656,0.00014,102487,54.64,15.008
114520,2.615,2.691,0.00014,102471,54.64,15.01
114540,2.67,2.69,0.00014,102472,54.64,15.013
114560,2.702,2.673,0.00014,102473,54.64,15.016
114580,2.665,2.689,0.00014,102474,54.64,15.018
114600,2.613,2.63,0.00014,102475,54.64,15.021
114620,2.615,2.657,0.00014,102477,54.64,15.024
114640,2.603,2.717,0.00014,102478,54.64,15.026
114660,2.856,2.651,0.00014,102478,54.64,15.029
114680,2.633,2.637,0.00014,102480,54.64,15.031
114700,2.726,2.716,0.00014,102481,54.64,15.034
114720,2.698,2.65,0.000139,102483,54.64,15.037
114740,2.591,2.676,0.000139,102483,54.64,15.039
114760,2.63,2.644,0.000139,102484,54.64,15.042
114780,2.661,2.641,0.000139,102486,54.64,15.045
114800,2.664,2.652,0.000139,102487,54.64,15.047
114820,2.741,2.74,0.000139,102487,54.64,15.05
114840,2.598,2.726,0.000139,102489,54.64,15.052
114860,2.858,2.649,0.000139,102490,54.64,15.055
114880,2.498,2.649,0.000139,102492,54.64,15.058
114900,2.656,2.71,0.000139,102492,54.64,15.06
114920,2.608,2.648,0.000139,102493,54.64,15.063
114940,2.779,2.644,0.000139,102495,54.64,15.066
114960,2.682,2.649,0.000139,102496,54.64,15.068
114980,2.691,2.668,0.000138,102496,54.64,15.071
115000,2.656,2.639,0.000138,102488,54.64,15.073
115020,2.776,2.692,0.000138,102472,54.64,15.076
115040,2.784,2.669,0.000138,102473,54.64,15.079
115060,2.714,2.624,0.000138,102474,54.64,15.081
115080,2.68,2.644,0.000138,102475,54.64,15.084
115100,2.684,2.692,0.000138,102476,54.64,15.087
115120,2.648,2.645,0.000138,102478,54.64,15.089
115140,2.738,2.681,0.000138,102478,54.64,15.092
115160,2.544,2.724,0.000138,102479,54.64,15.094
115180,2.723,2.664,0.000138,102481,54.64,15.097
115200,2.495,2.695,0.000138,102482,54.64,15.1
115220,2.743,2.684,0.000138,102483,54.64,15.102
115240,2.687,2.672,0.000137,102484,54.64,15.105
115260,2.627,2.689,0.000137,102485,54.64,15.107
115280,2.745,2.686,0.000137,102487,54.64,15.11
115300,2.804,2.681,0.000137,102487,54.64,15.113
115320,2.609,2.694,0.000137,102488,54.64,15.115
115340,2.69,2.614,0.000137,102490,54.64,15.118
115360,2.813,2.704,0.000137,102491,54.64,15.121
115380,2.593,2.67,0.000137,102491,54.64,15.123
115400,2.763,2.679,0.000137,102493,54.64,15.126
115420,2.642,2.666,0.000137,102494,54.64,15.128
115440,2.779,2.668,0.000137,102496,54.64,15.131
115460,2.713,2.683,0.000137,102496,54.64,15.134
115480,2.605,2.669,0.000136,102497,54.64,15.136
115500,2.698,2.679,0.000136,102489,54.64,15.139
115520,2.637,2.668,0.000136,102473,54.64,15.142
115540,2.544,2.658,0.000136,102473,54.64,15.144
115560,2.592,2.702,0.000136,102474,54.64,15.147
115580,2.628,2.679,0.000136,102476,54.64,15.149
115600,2.692,2.669,0.000136,102477,54.64,15.152
115620,2.778,2.64,0.000136,102477,54.64,15.155
115640,2.727,2.685,0.000136,102479,54.64,15.157
115660,2.56,2.706,0.000136,102480,54.64,15.16
115680,2.705,2.663,0.000136,102481,54.64,15.163
115700,2.723,2.723,0.000136,102482,54.64,15.165
115720,2.654,2.719,0.000136,102483,54.64,15.168
115740,2.817,2.688,0.000135,102484,54.64,15.17
115760,2.615,2.686,0.000135,102486,54.64,15.173
115780,2.722,2.681,0.000135,102486,54.64,15.176
115800,2.674,2.692,0.000135,102487,54.64,15.178
115820,2.688,2.666,0.000135,102489,54.64,15.181
115840,2.674,2.721,0.000135,102490,54.64,15.184
115860,2.693,2.725,0.000135,102490,54.64,15.186
115880,2.803,2.657,0.000135,102492,54.64,15.189
115900,2.702,2.649,0.000135,102493,54.64,15.191
115920,2.795,2.669,0.000135,102495,54.64,15.194
115940,2.758,2.678,0.000135,102495,54.64,15.197
115960,2.652,2.683,0.000135,102496,54.64,15.199
115980,2.643,2.68,0.000135,102498,54.64,15.202
116000,2.62,2.661,0.000134,102490,54.64,15.204
116020,2.672,2.67,0.000134,102472,54.64,15.207
116040,2.795,2.65,0.000134,102473,54.64,15.21
116060,2.696,2.683,0.000134,102475,54.64,15.212
116080,2.746,2.66,0.000134,102476,54.64,15.215
116100,2.733,2.679,0.000134,102476,54.64,15.218
116120,2.65,2.671,0.000134,102478,54.64,15.22
116140,2.668,2.682,0.000134,102479,54.64,15.223
116160,2.537,2.686,0.000134,102481,54.64,15.225
116180,2.753,2.637,0.000134,102481,54.64,15.228
116200,2.727,2.658,0.000134,102482,54.64,15.231
116220,2.656,2.688,0.000134,102484,54.64,15.233
116240,2.71,2.702,0.000134,102485,54.64,15.236
116260,2.691,2.663,0.000133,102485,54.64,15.239
116280,2.701,2.678,0.000133,102487,54.64,15.241
116300,2.642,2.702,0.000133,102488,54.64,15.244
116320,2.69,2.664,0.000133,102489,54.64,15.246
116340,2.616,2.653,0.000133,102490,54.64,15.249
116360,2.533,2.681,0.000133,102491,54.64,15.252
116380,2.693,2.667,0.000133,102493,54.64,15.254
116400,2.544,2.696,0.000133,102494,54.64,15.257
116420,2.606,2.724,0.000133,102494,54.64,15.26
116440,2.76,2.713,0.000133,102496,54.64,15.262
116460,2.624,2.629,0.000133,102497,54.64,15.265
116480,2.767,2.713,0.000133,102498,54.64,15.267
116500,2.695,2.71,0.000133,102489,54.64,15.27
116520,2.748,2.667,0.000132,102473,54.64,15.273
116540,2.687,2.683,0.000132,102474,54.64,15.275
116560,2.765,2.643,0.000132,102476,54.64,15.278
116580,2.666,2.724,0.000132,102476,54.64,15.281
116600,2.501,2.668,0.000132,102477,54.64,15.283
116620,2.643,2.655,0.000132,102479,54.64,15.286
116640,2.718,2.631,0.000132,102480,54.64,15.288
116660,2.654,2.68,0.000132,102480,54.64,15.291
116680,2.656,2.678,0.000132,102482,54.64,15.294
116700,2.73,2.706,0.000132,102483,54.64,15.296
116720,2.662,2.691,0.000132,102485,54.64,15.299
116740,2.584,2.695,0.000132,102485,54.64,15.301
116760,2.602,2.679,0.000132,102486,54.64,15.304
116780,2.722,2.705,0.000131,102488,54.64,15.307
116800,2.703,2.691,0.000131,102489,54.64,15.309
116820,2.71,2.668,0.000131,102489,54.64,15.312
116840,2.56,2.7,0.000131,102491,54.64,15.315
116860,2.609,2.687,0.000131,102492,54.64,15.317
116880,2.653,2.627,0.000131,102493,54.64,15.32
116900,2.798,2.695,0.000131,102494,54.64,15.322
116920,2.669,2.674,0.000131,102495,54.64,15.325
116940,2.649,2.667,0.000131,102496,54.64,15.328
116960,2.717,2.661,0.000131,102498,54.64,15.33
116980,2.678,2.698,0.000131,102498,54.64,15.333
117000,2.619,2.684,0.000131,102490,54.64,15.336
117020,2.753,2.651,0.000131,102474,54.64,15.338
117040,2.627,2.658,0.00013,102475,54.64,15.341
117060,2.734,2.68,0.00013,102476,54.64,15.343
117080,2.688,2.697,0.00013,102477,54.64,15.346
117100,2.627,2.691,0.00013,102478,54.64,15.349
117120,2.607,2.682,0.00013,102480,54.64,15.351
117140,2.596,2.695,0.00013,102480,54.64,15.354
117160,2.644,2.684,0.00013,102481,54.64,15.357
117180,2.689,2.627,0.00013,102483,54.64,15.359
117200,2.601,2.678,0.00013,102484,54.64,15.362
117220,2.576,2.667,0.00013,102484,54.64,15.364
117240,2.746,2.715,0.00013,102486,54.64,15.367
117260,2.675,2.685,0.00013,102487,54.64,15.37
117280,2.695,2.676,0.00013,102488,54.64,15.372
117300,2.678,2.703,0.000129,102489,54.64,15.375
117320,2.732,2.685,0.000129,102490,54.64,15.377
117340,2.678,2.611,0.000129,102491,54.64,15.38
117360,2.74,2.679,0.000129,102493,54.64,15.383
117380,2.808,2.712,0.000129,102493,54.64,15.385
117400,2.613,2.695,0.000129,102494,54.64,15.388
117420,2.468,2.716,0.000129,102496,54.64,15.391
117440,2.827,2.669,0.000129,102497,54.64,15.393
117460,2.65,2.637,0.000129,102497,54.64,15.396
117480,2.822,2.65,0.000129,102499,54.64,15.398
117500,2.696,2.669,0.000129,102491,54.64,15.401
117520,2.671,2.701,0.000129,102475,54.64,15.404
117540,2.777,2.664,0.000129,102475,54.64,15.406
117560,2.575,2.652,0.000129,102476,54.64,15.409
117580,2.751,2.65,0.000128,102478,54.64,15.412
117600,2.648,2.687,0.000128,102479,54.64,15.414
117620,2.648,2.688,0.000128,102479,54.64,15.417
117640,2.653,2.673,0.000128,102481,54.64,15.419
117660,2.618,2.7,0.000128,102482,54.64,15.422
117680,2.754,2.641,0.000128,102483,54.64,15.425
117700,2.625,2.654,0.000128,102484,54.64,15.427
117720,2.692,2.696,0.000128,102485,54.64,15.43
117740,2.725,2.724,0.000128,102486,54.64,15.433
117760,2.589,2.619,0.000128,102488,54.64,15.435
117780,2.671,2.677,0.000128,102488,54.64,15.438
117800,2.73,2.66,0.000128,102489,54.64,15.44
117820,2.808,2.684,0.000128,102491,54.64,15.443
117840,2.65,2.65,0.000127,102492,54.64,15.446
117860,2.705,2.619,0.000127,102492,54.64,15.448
117880,2.672,2.685,0.000127,102494,54.64,15.451
117900,2.695,2.711,0.000127,102495,54.64,15.454
117920,2.594,2.657,0.000127,102496,54.64,15.456
117940,2.706,2.716,0.000127,102497,54.64,15.459
117960,2.597,2.713,0.000127,102498,54.64,15.461
117980,2.772,2.657,0.000127,102499,54.64,15.464
118000,2.615,2.666,0.000127,102491,54.64,15.467
118020,2.602,2.677,0.000127,102474,54.64,15.469
118040,2.663,2.673,0.000127,102475,54.64,15.472
118060,2.617,2.715,0.000127,102476,54.64,15.474
118080,2.698,2.685,0.000127,102478,54.64,15.477
118100,2.632,2.674,0.000127,102478,54.64,15.48
118120,2.683,2.616,0.000126,102479,54.64,15.482
118140,2.685,2.625,0.000126,102481,54.64,15.485
118160,2.633,2.688,0.000126,102482,54.64,15.488
118180,2.564,2.674,0.000126,102482,54.64,15.49
118200,2.834,2.659,0.000126,102484,54.64,15.493
118220,2.732,2.652,0.000126,102485,54.64,15.495
118240,2.621,2.654,0.000126,102486,54.64,15.498
118260,2.729,2.676,0.000126,102487,54.64,15.501
118280,2.618,2.683,0.000126,102488,54.64,15.503
118300,2.694,2.656,0.000126,102489,54.64,15.506
118320,2.601,2.666,0.000126,102491,54.64,15.509
118340,2.657,2.688,0.000126,102491,54.64,15.511
118360,2.559,2.665,0.000126,102492,54.64,15.514
118380,2.64,2.638,0.000125,102494,54.64,15.516
118400,2.76,2.722,0.000125,102495,54.64,15.519
118420,2.678,2.709,0.000125,102495,54.64,15.522
118440,2.688,2.676,0.000125,102497,54.64,15.524
118460,2.582,2.682,0.000125,102498,54.64,15.527
118480,2.839,2.685,0.000125,102499,54.64,15.53
118500,2.63,2.724,0.000125,102491,54.64,15.532
118520,2.709,2.667,0.000125,102474,54.64,15.535
118540,2.648,2.635,0.000125,102475,54.64,15.537
118560,2.621,2.658,0.000125,102477,54.64,15.54
118580,2.612,2.657,0.000125,102477,54.64,15.543
118600,2.682,2.674,0.000125,102478,54.64,15.545
118620,2.604,2.679,0.000125,102480,54.64,15.548
118640,2.784,2.679,0.000125,102481,54.64,15.551
118660,2.679,2.621,0.000124,102481,54.64,15.553
118680,2.667,2.693,0.000124,102483,54.64,15.556
118700,2.673,2.662,0.000124,102484,54.64,15.558
118720,2.589,2.672,0.000124,102485,54.64,15.561
118740,2.708,2.663,0.000124,102486,54.64,15.564
118760,2.715,2.706,0.000124,102487,54.64,15.566
118780,2.831,2.68,0.000124,102488,54.64,15.569
118800,2.67,2.694,0.000124,102490,54.64,15.571
118820,2.672,2.682,0.000124,102490,54.64,15.574
118840,2.756,2.657,0.000124,102491,54.64,15.577
118860,2.558,2.655,0.000124,102493,54.64,15.579
118880,2.799,2.641,0.000124,102494,54.64,15.582
118900,2.589,2.662,0.000124,102494,54.64,15.585
118920,2.622,2.688,0.000124,102496,54.64,15.587
118940,2.595,2.692,0.000123,102497,54.64,15.59
118960,2.814,2.669,0.000123,102498,54.64,15.592
118980,2.716,2.672,0.000123,102499,54.64,15.595
119000,2.68,2.636,0.000123,102491,54.64,15.598
119020,2.615,2.722,0.000123,102475,54.64,15.6
119040,2.632,2.713,0.000123,102476,54.64,15.603
119060,2.716,2.668,0.000123,102476,54.64,15.606
119080,2.659,2.656,0.000123,102478,54.64,15.608
119100,2.609,2.645,0.000123,102479,54.64,15.611
119120,2.649,2.726,0.000123,102480,54.64,15.613
119140,2.797,2.672,0.000123,102480,54.64,15.616
119160,2.65,2.679,0.000123,102482,54.64,15.619
119180,2.673,2.656,0.000123,102483,54.64,15.621
119200,2.62,2.664,0.000123,102484,54.64,15.624
119220,2.624,2.705,0.000122,102485,54.64,15.627
119240,2.771,2.676,0.000122,102486,54.64,15.629
119260,2.526,2.737,0.000122,102487,54.64,15.632
119280,2.757,2.673,0.000122,102489,54.64,15.634
119300,2.752,2.654,0.000122,102489,54.64,15.637
119320,2.575,2.701,0.000122,102490,54.64,15.64
119340,2.696,2.673,0.000122,102492,54.64,15.642
119360,2.682,2.686,0.000122,102493,54.64,15.645
119380,2.74,2.701,0.000122,102493,54.64,15.648
119400,2.595,2.675,0.000122,102495,54.64,15.65
119420,2.65,2.695,0.000122,102496,54.64,15.653
119440,2.745,2.684,0.000122,102497,54.64,15.655
119460,2.603,2.667,0.000122,102498,54.64,15.658
119480,2.56,2.686,0.000122,102499,54.64,15.661
119500,2.572,2.692,0.000121,102491,54.64,15.663
119520,2.68,2.641,0.000121,102475,54.64,15.666
119540,2.603,2.647,0.000121,102475,54.64,15.668
119560,2.662,2.635,0.000121,102477,54.64,15.671
119580,2.699,2.705,0.000121,102478,54.64,15.674
119600,2.781,2.682,0.000121,102479,54.64,15.676
119620,2.695,2.649,0.000121,102480,54.64,15.679
119640,2.754,2.703,0.000121,102481,54.64,15.682
119660,2.684,2.683,0.000121,102482,54.64,15.684
119680,2.635,2.622,0.000121,102484,54.64,15.687
119700,2.763,2.704,0.000121,102484,54.64,15.689
119720,2.708,2.656,0.000121,102485,54.64,15.692
119740,2.686,2.644,0.000121,102487,54.64,15.695
119760,2.681,2.699,0.000121,102488,54.64,15.697
119780,2.58,2.655,0.00012,102488,54.64,15.7
119800,2.651,2.671,0.00012,102490,54.64,15.703
119820,2.723,2.693,0.00012,102491,54.64,15.705
119840,2.654,2.669,0.00012,102492,54.64,15.708
119860,2.509,2.719,0.00012,102493,54.64,15.71
119880,2.702,2.695,0.00012,102494,54.64,15.713
119900,2.616,2.666,0.00012,102495,54.64,15.716
119920,2.673,2.668,0.00012,102497,54.64,15.718
119940,2.741,2.659,0.00012,102497,54.64,15.721
119960,2.653,2.664,0.00012,102498,54.64,15.724
119980,2.637,2.66,0.00012,102499,54.64,15.726
120000,2.56,2.649,0.00012,102492,54.64,15.729
120020,2.699,2.659,0.00012,102474,54.64,15.731
120040,2.701,2.63,0.00012,102476,54.64,15.734
120060,2.621,2.756,0.000119,102477,54.64,15.737
120080,2.686,2.685,0.000119,102478,54.64,15.739
120100,2.691,2.639,0.000119,102479,54.64,15.742
120120,2.713,2.665,0.000119,102480,54.64,15.744
120140,2.696,2.662,0.000119,102481,54.64,15.747
120160,2.719,2.735,0.000119,102482,54.64,15.75
120180,2.687,2.665,0.000119,102483,54.64,15.752
120200,2.528,2.712,0.000119,102484,54.64,15.755
120220,2.589,2.682,0.000119,102485,54.64,15.758
120240,2.557,2.654,0.000119,102487,54.64,15.76
120260,2.699,2.673,0.000119,102487,54.64,15.763
120280,2.698,2.661,0.000119,102488,54.64,15.765
120300,2.629,2.671,0.000119,102490,54.64,15.768
120320,2.706,2.646,0.000119,102491,54.64,15.771
120340,2.677,2.659,0.000118,102491,54.64,15.773
120360,2.757,2.683,0.000118,102493,54.64,15.776
120380,2.629,2.703,0.000118,102494,54.64,15.779
120400,2.675,2.693,0.000118,102495,54.64,15.781
120420,2.614,2.642,0.000118,102496,54.64,15.784
120440,2.754,2.662,0.000118,102497,54.64,15.786
120460,2.708,2.684,0.000118,102498,54.64,15.789
120480,2.682,2.67,0.000118,102500,54.64,15.792
120500,2.703,2.659,0.000118,102491,54.64,15.794
120520,2.583,2.736,0.000118,102475,54.64,15.797
120540,2.833,2.701,0.000118,102476,54.64,15.8
120560,2.7,2.662,0.000118,102478,54.64,15.802
120580,2.411,2.645,0.000118,102478,54.64,15.805
120600,2.675,2.661,0.000118,102479,54.64,15.807
120620,2.616,2.664,0.000118,102481,54.64,15.81
120640,2.547,2.633,0.000117,102482,54.64,15.813
120660,2.589,2.644,0.000117,102482,54.64,15.815
120680,2.765,2.616,0.000117,102484,54.64,15.818
120700,2.565,2.677,0.000117,102485,54.64,15.821
120720,2.675,2.602,0.000117,102486,54.64,15.823
120740,2.717,2.656,0.000117,102487,54.64,15.826
120760,2.558,2.635,0.000117,102488,54.64,15.828
120780,2.587,2.626,0.000117,102489,54.64,15.831
120800,2.556,2.619,0.000117,102490,54.64,15.834
120820,2.714,2.706,0.000117,102491,54.64,15.836
120840,2.677,2.668,0.000117,102492,54.64,15.839
120860,2.684,2.661,0.000117,102493,54.64,15.841
120880,2.689,2.699,0.000117,102495,54.64,15.844
120900,2.6,2.666,0.000117,102495,54.64,15.847
120920,2.645,2.67,0.000116,102496,54.64,15.849
120940,2.689,2.621,0.000116,102498,54.64,15.852
120960,2.744,2.662,0.000116,102499,54.64,15.855
120980,2.642,2.672,0.000116,102499,54.64,15.857
121000,2.581,2.684,0.000116,102492,54.64,15.86
121020,2.608,2.695,0.000116,102475,54.64,15.862
121040,2.673,2.706,0.000116,102477,54.64,15.865
121060,2.523,2.683,0.000116,102477,54.64,15.868
121080,2.628,2.683,0.000116,102478,54.64,15.87
121100,2.569,2.64,0.000116,102480,54.64,15.873
121120,2.634,2.646,0.000116,102481,54.64,15.876
121140,2.813,2.66,0.000116,102481,54.64,15.878
121160,2.731,2.669,0.000116,102483,54.64,15.881
121180,2.565,2.661,0.000116,102484,54.64,15.883
121200,2.644,2.656,0.000116,102485,54.64,15.886
121220,2.699,2.667,0.000115,102486,54.64,15.889
121240,2.533,2.701,0.000115,102487,54.64,15.891
121260,2.629,2.64,0.000115,102488,54.64,15.894
121280,2.641,2.665,0.000115,102490,54.64,15.897
121300,2.697,2.652,0.000115,102490,54.64,15.899
121320,2.821,2.665,0.000115,102491,54.64,15.902
121340,2.538,2.683,0.000115,102493,54.64,15.904
121360,2.667,2.683,0.000115,102494,54.64,15.907
121380,2.693,2.7,0.000115,102494,54.64,15.91
121400,2.754,2.651,0.000115,102495,54.64,15.912
121420,2.669,2.674,0.000115,102497,54.64,15.915
121440,2.531,2.699,0.000115,102498,54.64,15.918
121460,2.786,2.595,0.000115,102498,54.64,15.92
121480,2.694,2.671,0.000115,102500,54.64,15.923
121500,2.534,2.648,0.000114,102492,54.64,15.925
121520,2.719,2.694,0.000114,102475,54.64,15.928
121540,2.637,2.72,0.000114,102475,54.64,15.931
121560,2.738,2.665,0.000114,102476,54.64,15.933
121580,2.61,2.685,0.000114,102478,54.64,15.936
121600,2.737,2.673,0.000114,102479,54.64,15.938
121620,2.631,2.685,0.000114,102479,54.64,15.941
121640,2.677,2.661,0.000114,102480,54.64,15.944
121660,2.77,2.644,0.000114,102482,54.64,15.946
121680,2.798,2.687,0.000114,102483,54.64,15.949
121700,2.761,2.659,0.000114,102483,54.64,15.952
121720,2.804,2.682,0.000114,102485,54.64,15.954
121740,2.644,2.639,0.000114,102486,54.64,15.957
121760,2.658,2.624,0.000114,102487,54.64,15.959
121780,2.716,2.638,0.000114,102488,54.64,15.962
121800,2.649,2.662,0.000113,102489,54.64,15.965
121820,2.636,2.697,0.000113,102490,54.64,15.967
121840,2.764,2.672,0.000113,102492,54.64,15.97
121860,2.629,2.696,0.000113,102492,54.64,15.973
121880,2.674,2.658,0.000113,102493,54.64,15.975
121900,2.802,2.649,0.000113,102495,54.64,15.978
121920,2.694,2.668,0.000113,102496,54.64,15.98
121940,2.617,2.678,0.000113,102496,54.64,15.983
121960,2.612,2.661,0.000113,102497,54.64,15.986
121980,2.52,2.692,0.000113,102499,54.64,15.988
122000,2.684,2.645,0.000113,102492,54.64,15.991
122020,2.635,2.662,0.000113,102474,54.64,15.994
122040,2.515,2.632,0.000113,102475,54.64,15.996
122060,2.672,2.601,0.000113,102476,54.64,15.999
122080,2.644,2.687,0.000113,102478,54.64,16.001
122100,2.695,2.698,0.000112,102478,54.64,16.004
122120,2.796,2.683,0.000112,102479,54.64,16.007
122140,2.69,2.643,0.000112,102481,54.64,16.009
122160,2.539,2.695,0.000112,102482,54.64,16.012
122180,2.704,2.703,0.000112,102482,54.64,16.015
122200,2.623,2.665,0.000112,102484,54.64,16.017
122220,2.744,2.632,0.000112,102485,54.64,16.02
122240,2.727,2.649,0.000112,102486,54.64,16.022
122260,2.642,2.661,0.000112,102486,54.64,16.025
122280,2.643,2.706,0.000112,102488,54.64,16.028
122300,2.787,2.622,0.000112,102489,54.64,16.03
122320,2.634,2.664,0.000112,102490,54.64,16.033
122340,2.572,2.722,0.000112,102491,54.64,16.035
122360,2.591,2.709,0.000112,102492,54.64,16.038
122380,2.605,2.677,0.000112,102493,54.64,16.041
122400,2.501,2.655,0.000111,102495,54.64,16.043
122420,2.692,2.658,0.000111,102495,54.64,16.046
122440,2.702,2.645,0.000111,102496,54.64,16.049
122460,2.721,2.684,0.000111,102497,54.64,16.051
122480,2.77,2.684,0.000111,102499,54.64,16.054
122500,2.74,2.68,0.000111,102490,54.64,16.056
122520,2.78,2.693,0.000111,102474,54.64,16.059
122540,2.607,2.688,0.000111,102476,54.64,16.062
122560,2.624,2.64,0.000111,102477,54.64,16.064
122580,2.619,2.701,0.000111,102477,54.64,16.067
122600,2.691,2.632,0.000111,102479,54.64,16.07
122620,2.582,2.677,0.000111,102480,54.64,16.072
122640,2.482,2.638,0.000111,102481,54.64,16.075
122660,2.648,2.671,0.000111,102482,54.64,16.077
122680,2.632,2.647,0.000111,102483,54.64,16.08
122700,2.67,2.696,0.00011,102484,54.64,16.083
122720,2.665,2.649,0.00011,102485,54.64,16.085
122740,2.696,2.707,0.00011,102486,54.64,16.088
122760,2.585,2.661,0.00011,102487,54.64,16.091
122780,2.795,2.631,0.00011,102488,54.64,16.093
122800,2.667,2.641,0.00011,102490,54.64,16.096
122820,2.652,2.66,0.00011,102490,54.64,16.098
122840,2.752,2.699,0.00011,102491,54.64,16.101
122860,2.698,2.654,0.00011,102492,54.64,16.104
122880,2.642,2.657,0.00011,102494,54.64,16.106
122900,2.67,2.652,0.00011,102494,54.64,16.109
122920,2.58,2.677,0.00011,102495,54.64,16.112
122940,2.686,2.688,0.00011,102497,54.64,16.114
122960,2.624,2.661,0.00011,102498,54.64,16.117
122980,2.621,2.68,0.00011,102498,54.64,16.119
123000,2.619,2.629,0.00011,102491,54.64,16.122
123020,2.652,2.673,0.000109,102474,54.64,16.125
123040,2.62,2.645,0.000109,102476,54.64,16.127
